,發生地點,當事者區分-類別-大類別名稱-車種,肇因研判子類別名稱-個別,Date_ID
0,雲林縣,機車,未注意車前狀態,20220101023000
2,屏東縣,小客車,未注意車前狀態,20220101060742
8,南投縣,機車,未注意車前狀態,20220101192000
12,屏東縣,小客車,未注意車前狀態,20220101195500
13,宜蘭縣,機車,違反號誌管制或指揮,20220102080053
14,宜蘭縣,小客車,未注意車前狀態,20220102080053
15,嘉義縣,小貨車(含客、貨兩用),未注意車前狀態,20220102101200
17,新竹縣,小客車,未依規定讓車,20220102120029
18,新竹縣,機車,未注意車前狀態,20220102120029
19,桃園市,機車,未注意車前狀態,20220102183000
20,桃園市,小貨車(含客、貨兩用),違規停車或暫停不當而肇事,20220102183000
23,臺南市,曳引車,未依規定讓車,20220103143613
25,雲林縣,曳引車,未依規定讓車,20220103151100
26,雲林縣,小客車,未注意車前狀態,20220103151100
29,桃園市,機車,未注意車前狀態,20220103152800
31,高雄市,機車,未依規定讓車,20220103175700
34,臺北市,機車,未注意車前狀態,20220103201700
36,嘉義縣,機車,未注意車前狀態,20220103203200
38,嘉義縣,小客車,違規停車或暫停不當而肇事,20220103203200
43,臺南市,小客車,未注意車前狀態,20220104054039
45,新竹縣,小客車,未注意車前狀態,20220104061300
49,臺中市,小客車,酒醉(後)駕駛失控,20220104132300
59,高雄市,機車,未注意車前狀態,20220105111700
62,宜蘭縣,小客車,未注意車前狀態,20220105161000
65,桃園市,小客車,未依規定讓車,20220105163200
66,桃園市,機車,未注意車前狀態,20220105163200
67,彰化縣,小客車,未依規定讓車,20220105164100
68,彰化縣,機車,未依規定減速,20220105164100
70,桃園市,小客車,未依規定減速,20220105191600
73,臺南市,曳引車,變換車道或方向不當,20220106231010
76,臺南市,小客車,未注意車前狀態,20220106231010
85,臺東縣,機車,酒醉(後)駕駛失控,20220107125500
86,臺東縣,小客車,超速失控,20220107125500
88,雲林縣,機車,未依規定讓車,20220107161037
90,臺中市,小客車,酒醉(後)駕駛失控,20220107230600
92,臺北市,小客車,違反號誌管制或指揮,20220108011000
93,臺北市,機車,超速失控,20220108011000
94,臺北市,機車,超速失控,20220108011000
96,臺東縣,小客車,未注意車前狀態,20220108161000
100,金門縣,機車,未注意車前狀態,20220108173500
102,彰化縣,機車,未依規定讓車,20220109053600
103,彰化縣,小客車,酒醉(後)駕駛失控,20220109053600
104,彰化縣,小客車,酒醉(後)駕駛失控,20220109053600
105,桃園市,機車,未注意車前狀態,20220109133900
106,桃園市,大貨車,違規停車或暫停不當而肇事,20220109133900
110,新北市,慢車,違反號誌管制或指揮,20220109191800
111,新北市,小客車,未注意車前狀態,20220109191800
113,苗栗縣,大客車,未注意車前狀態,20220110015800
114,桃園市,小客車,超速失控,20220110044300
122,桃園市,機車,左轉彎未依規定,20220110160400
123,桃園市,小貨車(含客、貨兩用),超速失控,20220110160400
124,澎湖縣,小客車,未注意車前狀態,20220110164700
126,高雄市,小客車,酒醉(後)駕駛失控,20220110213500
129,臺中市,小客車,未注意車前狀態,20220111003700
130,新北市,機車,未注意車前狀態,20220111052000
135,臺北市,慢車,違反特定標誌(線)禁制,20220111072400
136,臺北市,機車,超速失控,20220111072400
137,高雄市,機車,未注意車前狀態,20220111115300
139,花蓮縣,機車,未注意車前狀態,20220112045700
142,宜蘭縣,機車,未注意車前狀態,20220112131016
144,臺南市,機車,未依規定讓車,20220112184309
145,臺南市,機車,未注意車前狀態,20220112184309
148,新北市,機車,未注意車前狀態,20220113063300
150,新北市,機車,未注意車前狀態,20220113063300
157,彰化縣,機車,違反號誌管制或指揮,20220113070600
158,彰化縣,小貨車(含客、貨兩用),未注意車前狀態,20220113070600
160,臺中市,小貨車(含客、貨兩用),未注意車前狀態,20220113101300
163,臺中市,機車,未注意車前狀態,20220113101300
166,新竹縣,機車,未依規定減速,20220113145128
170,臺南市,小貨車(含客、貨兩用),未依規定讓車,20220114084600
171,臺南市,機車,未注意車前狀態,20220114084600
176,新北市,機車,未注意車前狀態,20220114180700
179,新北市,機車,未注意車前狀態,20220114180700
180,臺中市,小客車,未依規定讓車,20220114181300
181,臺中市,機車,未注意車前狀態,20220114181300
183,苗栗縣,小客車,未注意車前狀態,20220114202239
184,新竹縣,小客車,未注意車前狀態,20220115044513
186,臺中市,機車,左轉彎未依規定,20220115073200
187,臺中市,小客車,未注意車前狀態,20220115073200
188,屏東縣,小客車,未注意車前狀態,20220115085500
189,屏東縣,小貨車(含客、貨兩用),違規停車或暫停不當而肇事,20220115085500
194,桃園市,機車,酒醉(後)駕駛失控,20220115155800
200,新竹縣,機車,未注意車前狀態,20220115173800
202,南投縣,機車,酒醉(後)駕駛失控,20220115174005
204,桃園市,慢車,酒醉(後)駕駛失控,20220115191800
206,臺中市,小貨車(含客、貨兩用),酒醉(後)駕駛失控,20220115234900
207,臺中市,大貨車,違規停車或暫停不當而肇事,20220115234900
208,屏東縣,機車,未依規定讓車,20220116082000
209,屏東縣,機車,未注意車前狀態,20220116082000
210,臺南市,小客車,超速失控,20220116101000
212,新竹縣,機車,未注意車前狀態,20220116210000
214,臺中市,小客車,未注意車前狀態,20220116212100
217,臺中市,小客車,未注意車前狀態,20220117052100
218,臺中市,大貨車,違規停車或暫停不當而肇事,20220117052100
222,臺中市,機車,違反號誌管制或指揮,20220117233100
224,屏東縣,機車,左轉彎未依規定,20220118103352
226,臺北市,機車,超速失控,20220118201200
229,新北市,機車,未注意車前狀態,20220118211800
235,高雄市,大客車,未注意車前狀態,20220119092600
240,高雄市,機車,未依規定減速,20220119200300
242,南投縣,機車,酒醉(後)駕駛失控,20220119211518
244,苗栗縣,小客車,未注意車前狀態,20220119213000
247,臺中市,小客車,未注意車前狀態,20220120080000
249,屏東縣,機車,未注意車前狀態,20220120083000
251,臺中市,機車,未注意車前狀態,20220120090800
254,嘉義縣,機車,左轉彎未依規定,20220120093700
255,嘉義縣,大貨車,未注意車前狀態,20220120093700
266,臺北市,機車,超速失控,20220120184600
267,臺東縣,機車,未依規定減速,20220120193100
269,彰化縣,小客車,未依規定讓車,20220120235100
270,彰化縣,機車,未依規定減速,20220120235100
271,臺南市,機車,未注意車前狀態,20220121093000
273,新竹縣,機車,未注意車前狀態,20220121100246
275,臺南市,機車,未注意車前狀態,20220121101436
277,高雄市,小貨車(含客、貨兩用),未依規定讓車,20220121111200
282,彰化縣,小客車,未注意車前狀態,20220121180400
286,屏東縣,小客車,未注意車前狀態,20220121194000
288,屏東縣,機車,酒醉(後)駕駛失控,20220121195900
289,屏東縣,小客車,未注意車前狀態,20220121195900
291,桃園市,機車,未注意車前狀態,20220121204500
292,新北市,機車,酒醉(後)駕駛失控,20220121230000
294,臺北市,慢車,酒醉(後)駕駛失控,20220122000000
296,高雄市,機車,未注意車前狀態,20220122155200
297,高雄市,機車,未注意車前狀態,20220122155200
300,苗栗縣,機車,未注意車前狀態,20220122204100
301,苗栗縣,小客車,未注意車前狀態,20220122204100
302,彰化縣,機車,酒醉(後)駕駛失控,20220122222600
304,高雄市,機車,超速失控,20220123165500
307,臺中市,小客車,酒醉(後)駕駛失控,20220123234100
315,臺南市,機車,未依規定讓車,20220124091529
316,臺南市,小貨車(含客、貨兩用),未依規定減速,20220124091529
317,臺南市,慢車,未注意車前狀態,20220124150400
319,彰化縣,慢車,違反號誌管制或指揮,20220125061200
320,彰化縣,小客車,酒醉(後)駕駛失控,20220125061200
322,臺東縣,大客車,未注意車前狀態,20220125102800
324,高雄市,機車,未注意車前狀態,20220125115300
326,彰化縣,機車,未依規定讓車,20220125121200
327,彰化縣,小客車,未依規定減速,20220125121200
329,新北市,小貨車(含客、貨兩用),違反號誌管制或指揮,20220125131600
331,臺中市,機車,未依規定讓車,20220125191600
332,臺中市,小客車,未注意車前狀態,20220125191600
334,臺北市,機車,超速失控,20220125225200
335,臺北市,小客車,超速失控,20220125225200
338,臺中市,小客車,未注意車前狀態,20220126000600
341,臺東縣,小貨車(含客、貨兩用),未注意車前狀態,20220126074827
343,臺中市,機車,未注意車前狀態,20220126085200
349,宜蘭縣,機車,變換車道或方向不當,20220126124313
350,宜蘭縣,小客車,未注意車前狀態,20220126124313
351,彰化縣,大貨車,未依規定讓車,20220126151100
352,彰化縣,機車,未依規定減速,20220126151100
353,南投縣,機車,違反特定標誌(線)禁制,20220126155914
354,南投縣,機車,未注意車前狀態,20220126155914
355,屏東縣,小客車,未注意車前狀態,20220126181800
359,苗栗縣,曳引車,未依規定讓車,20220127075113
360,苗栗縣,小客車,未注意車前狀態,20220127075113
363,臺中市,機車,未注意車前狀態,20220127080900
368,新竹縣,機車,酒醉(後)駕駛失控,20220128160719
373,臺東縣,小貨車(含客、貨兩用),未注意車前狀態,20220128200200
375,臺東縣,小客車,未注意車前狀態,20220128200200
378,新竹市,機車,違反號誌管制或指揮,20220129014841
380,桃園市,機車,未依規定讓車,20220129114300
381,桃園市,小客車,未依規定減速,20220129114300
382,彰化縣,機車,變換車道或方向不當,20220129132000
383,彰化縣,小貨車(含客、貨兩用),變換車道或方向不當,20220129132000
384,屏東縣,機車,未注意車前狀態,20220129233540
386,新北市,機車,未注意車前狀態,20220130000100
387,新北市,大貨車,違反特定標誌(線)禁制,20220130000100
388,新北市,小貨車(含客、貨兩用),未注意車前狀態,20220130052200
390,宜蘭縣,機車,左轉彎未依規定,20220130072500
391,宜蘭縣,機車,未注意車前狀態,20220130072500
392,臺南市,小客車,酒醉(後)駕駛失控,20220130095500
395,嘉義縣,機車,未依規定減速,20220130102619
397,苗栗縣,小客車,違反號誌管制或指揮,20220130113500
398,苗栗縣,機車,未注意車前狀態,20220130113500
399,屏東縣,機車,未注意車前狀態,20220130153928
406,臺東縣,機車,酒醉(後)駕駛失控,20220131001400
408,桃園市,小客車,變換車道或方向不當,20220131061800
410,臺中市,小客車,違反號誌管制或指揮,20220131100000
412,花蓮縣,小貨車(含客、貨兩用),未注意車前狀態,20220131153201
417,桃園市,機車,未依規定減速,20220131155300
419,彰化縣,慢車,左轉彎未依規定,20220131155700
420,彰化縣,機車,未注意車前狀態,20220131155700
421,屏東縣,機車,未注意車前狀態,20220131210800
423,臺中市,小貨車(含客、貨兩用),未依規定讓車,20220201031500
424,臺中市,機車,未依規定減速,20220201031500
430,高雄市,小客車,違反號誌管制或指揮,20220202230000
433,高雄市,小客車,未依規定讓車,20220203004900
435,南投縣,小客車,酒醉(後)駕駛失控,20220203014238
439,桃園市,小客車,未依規定減速,20220203140015
442,臺北市,小客車,未注意車前狀態,20220203211600
445,彰化縣,小客車,未注意車前狀態,20220204002200
446,屏東縣,機車,未注意車前狀態,20220204032455
448,屏東縣,小客車,違規停車或暫停不當而肇事,20220204032455
449,高雄市,機車,左轉彎未依規定,20220205002500
450,高雄市,小客車,超速失控,20220205002500
451,新北市,小客車,違反號誌管制或指揮,20220205080900
454,雲林縣,機車,未注意車前狀態,20220205121147
455,南投縣,小客車,未注意車前狀態,20220205183300
457,桃園市,機車,未注意車前狀態,20220205191300
460,高雄市,小客車,未依規定讓車,20220205195100
462,南投縣,機車,違反號誌管制或指揮,20220206064700
466,新竹縣,機車,違反特定標誌(線)禁制,20220206101900
467,新竹縣,小客車,超速失控,20220206101900
471,桃園市,曳引車,變換車道或方向不當,20220206102600
475,臺南市,小貨車(含客、貨兩用),未依規定減速,20220206163500
476,彰化縣,慢車,未依規定讓車,20220206175800
477,彰化縣,小客車,未注意車前狀態,20220206175800
478,臺中市,小客車,未注意車前狀態,20220206201000
480,臺中市,小客車,未注意車前狀態,20220206201000
481,臺中市,小客車,未依規定讓車,20220207074000
482,臺中市,機車,未注意車前狀態,20220207074000
485,新竹縣,機車,超速失控,20220207085400
486,新北市,小客車,違反特定標誌(線)禁制,20220207113100
490,基隆市,小客車,未注意車前狀態,20220208134000
495,高雄市,小貨車(含客、貨兩用),未注意車前狀態,20220208134300
498,高雄市,小貨車(含客、貨兩用),未依規定讓車,20220208144100
503,嘉義縣,大貨車,超速失控,20220208153019
505,新竹縣,小客車,未注意車前狀態,20220209015400
507,桃園市,機車,未注意車前狀態,20220210013500
509,花蓮縣,小客車,未注意車前狀態,20220210065859
511,屏東縣,機車,左轉彎未依規定,20220210092600
514,嘉義縣,小貨車(含客、貨兩用),未注意車前狀態,20220210141300
515,新竹縣,小客車,未依規定讓車,20220210143600
516,新竹縣,機車,超速失控,20220210143600
517,臺中市,大貨車,未依規定讓車,20220210165400
518,臺中市,機車,未依規定減速,20220210165400
519,屏東縣,小客車,未注意車前狀態,20220211005300
522,南投縣,機車,未注意車前狀態,20220211062930
524,新北市,機車,未注意車前狀態,20220211084500
526,高雄市,機車,未注意車前狀態,20220211084600
528,高雄市,小貨車(含客、貨兩用),違反特定標誌(線)禁制,20220211110000
530,臺北市,小客車,酒醉(後)駕駛失控,20220211192000
532,苗栗縣,小客車,未注意車前狀態,20220212011000
535,南投縣,機車,左轉彎未依規定,20220212084500
536,南投縣,機車,未注意車前狀態,20220212084500
543,雲林縣,小貨車(含客、貨兩用),未依規定讓車,20220212153800
544,雲林縣,機車,未注意車前狀態,20220212153800
545,高雄市,機車,未注意車前狀態,20220212223500
550,苗栗縣,機車,變換車道或方向不當,20220213173203
556,臺中市,機車,違反號誌管制或指揮,20220214033800
557,臺中市,小客車,左轉彎未依規定,20220214033800
558,新北市,機車,酒醉(後)駕駛失控,20220214041800
559,新北市,曳引車,違規停車或暫停不當而肇事,20220214041800
560,臺中市,小貨車(含客、貨兩用),未注意車前狀態,20220214055800
562,臺中市,機車,未注意車前狀態,20220215061800
564,臺中市,機車,未注意車前狀態,20220215080700
567,高雄市,機車,超速失控,20220215151000
568,臺南市,慢車,酒醉(後)駕駛失控,20220215154600
569,臺南市,小貨車(含客、貨兩用),未注意車前狀態,20220215154600
570,臺南市,機車,未注意車前狀態,20220215184338
571,臺南市,大貨車,違規停車或暫停不當而肇事,20220215184338
572,苗栗縣,小客車,變換車道或方向不當,20220216051526
575,彰化縣,機車,左轉彎未依規定,20220216105000
577,桃園市,小客車,未依規定讓車,20220216115000
578,桃園市,機車,未依規定減速,20220216115000
579,新北市,機車,未注意車前狀態,20220216143600
581,新竹市,小客車,未注意車前狀態,20220216145629
584,桃園市,小貨車(含客、貨兩用),未注意車前狀態,20220217132500
585,新竹縣,機車,酒醉(後)駕駛失控,20220218043000
588,嘉義縣,小貨車(含客、貨兩用),未依規定減速,20220218060223
590,嘉義縣,半聯結車,未注意車前狀態,20220218060223
591,臺中市,小貨車(含客、貨兩用),未注意車前狀態,20220218101000
593,臺南市,大貨車,未依規定讓車,20220218114400
594,臺南市,機車,未依規定減速,20220218114400
597,南投縣,曳引車,違反特定標誌(線)禁制,20220218143059
601,高雄市,小客車,違反號誌管制或指揮,20220218165500
603,桃園市,機車,未注意車前狀態,20220218180400
604,桃園市,大貨車,違規停車或暫停不當而肇事,20220218180400
605,臺南市,機車,未依規定讓車,20220218214410
606,臺南市,機車,未依規定減速,20220218214410
607,臺南市,機車,酒醉(後)駕駛失控,20220219022200
609,花蓮縣,小客車,未注意車前狀態,20220219101040
617,高雄市,慢車,變換車道或方向不當,20220219175900
618,高雄市,小客車,未注意車前狀態,20220219175900
619,新北市,小客車,超速失控,20220220005000
623,嘉義縣,機車,未注意車前狀態,20220220021900
626,臺中市,小客車,酒醉(後)駕駛失控,20220220061100
632,屏東縣,小貨車(含客、貨兩用),未依規定讓車,20220221072150
633,屏東縣,機車,未注意車前狀態,20220221072150
634,桃園市,小客車,未依規定讓車,20220221162313
638,屏東縣,機車,未注意車前狀態,20220221202900
640,新北市,機車,酒醉(後)駕駛失控,20220222010300
642,彰化縣,機車,未依規定減速,20220222072600
647,臺中市,小貨車(含客、貨兩用),變換車道或方向不當,20220222112300
653,高雄市,機車,未注意車前狀態,20220222123400
655,桃園市,機車,未注意車前狀態,20220222212300
657,高雄市,機車,未注意車前狀態,20220223070700
659,嘉義縣,小客車,超速失控,20220223125500
662,花蓮縣,機車,未注意車前狀態,20220223193518
663,花蓮縣,小貨車(含客、貨兩用),違規停車或暫停不當而肇事,20220223193518
664,新竹縣,機車,未注意車前狀態,20220224011600
666,桃園市,機車,未注意車前狀態,20220224013000
668,臺中市,小客車,酒醉(後)駕駛失控,20220224044700
673,桃園市,小客車,變換車道或方向不當,20220225004500
684,基隆市,小貨車(含客、貨兩用),未注意車前狀態,20220225124500
685,基隆市,機車,未注意車前狀態,20220225124500
687,高雄市,小貨車(含客、貨兩用),未注意車前狀態,20220225192800
690,花蓮縣,機車,酒醉(後)駕駛失控,20220226024715
695,高雄市,小客車,未依規定讓車,20220226102000
697,新北市,小客車,未依規定讓車,20220226110500
698,新北市,機車,超速失控,20220226110500
700,屏東縣,機車,違反號誌管制或指揮,20220226112700
705,高雄市,小客車,未依規定讓車,20220226171000
706,高雄市,機車,未依規定減速,20220226171000
707,臺中市,機車,左轉彎未依規定,20220227030400
709,臺南市,慢車,未依規定讓車,20220227071200
710,臺南市,小客車,未依規定減速,20220227071200
719,臺南市,機車,未注意車前狀態,20220228072300
720,臺南市,大貨車,違規停車或暫停不當而肇事,20220228072300
722,臺南市,機車,超速失控,20220228135900
724,基隆市,機車,酒醉(後)駕駛失控,20220228154500
726,彰化縣,小客車,未注意車前狀態,20220301041200
728,臺中市,大貨車,違反特定標誌(線)禁制,20220301072400
729,臺中市,機車,未注意車前狀態,20220301072400
730,新北市,大貨車,違反號誌管制或指揮,20220301104800
733,高雄市,機車,未注意車前狀態,20220301192500
738,高雄市,慢車,變換車道或方向不當,20220302075400
740,桃園市,機車,變換車道或方向不當,20220302094900
741,桃園市,曳引車,未注意車前狀態,20220302094900
742,高雄市,小客車,未依規定讓車,20220302111100
744,桃園市,機車,變換車道或方向不當,20220302135000
745,桃園市,小客車,未注意車前狀態,20220302135000
746,臺南市,小貨車(含客、貨兩用),未依規定讓車,20220302152506
747,臺南市,機車,未注意車前狀態,20220302152506
750,臺北市,小客車,違反號誌管制或指揮,20220302171300
751,臺北市,機車,超速失控,20220302171300
761,臺南市,機車,未注意車前狀態,20220302174700
762,苗栗縣,機車,酒醉(後)駕駛失控,20220302233400
767,嘉義縣,機車,未依規定讓車,20220303114746
768,嘉義縣,小貨車(含客、貨兩用),未注意車前狀態,20220303114746
769,高雄市,小客車,酒醉(後)駕駛失控,20220303174500
771,臺中市,機車,違反號誌管制或指揮,20220304075500
776,嘉義縣,機車,未注意車前狀態,20220304150200
777,臺南市,機車,左轉彎未依規定,20220304213551
778,臺南市,機車,未注意車前狀態,20220304213551
779,新竹縣,機車,未注意車前狀態,20220305011348
781,宜蘭縣,小客車,未依規定讓車,20220305031100
782,宜蘭縣,機車,未依規定減速,20220305031100
783,臺南市,機車,違反號誌管制或指揮,20220305094928
790,臺中市,小客車,未注意車前狀態,20220305102000
791,高雄市,小客車,未依規定讓車,20220305155000
792,高雄市,半聯結車,未依規定減速,20220305155000
794,雲林縣,小客車,未依規定讓車,20220305212800
795,雲林縣,小客車,未注意車前狀態,20220305212800
797,苗栗縣,小客車,未注意車前狀態,20220306002600
798,苗栗縣,小客車,未注意車前狀態,20220306002600
805,桃園市,小客車,違反號誌管制或指揮,20220306021400
807,臺南市,小客車,酒醉(後)駕駛失控,20220306022800
809,新北市,小客車,未注意車前狀態,20220306093000
811,雲林縣,小客車,未依規定減速,20220307032929
814,桃園市,曳引車,未注意車前狀態,20220307050400
817,彰化縣,慢車,未注意車前狀態,20220307144600
819,苗栗縣,機車,酒醉(後)駕駛失控,20220307153700
821,高雄市,機車,違反號誌管制或指揮,20220307154500
823,臺中市,機車,未注意車前狀態,20220307170600
828,新北市,機車,未注意車前狀態,20220307172500
829,桃園市,小客車,未注意車前狀態,20220307214827
831,桃園市,小客車,未注意車前狀態,20220307214827
836,新竹縣,機車,未依規定減速,20220308071200
842,新北市,機車,未注意車前狀態,20220308090200
844,臺北市,機車,未注意車前狀態,20220308094700
846,臺南市,慢車,違反號誌管制或指揮,20220308161137
847,嘉義縣,機車,未依規定讓車,20220308175605
848,嘉義縣,小客車,未依規定減速,20220308175605
853,高雄市,機車,違反號誌管制或指揮,20220308191600
854,高雄市,小客車,違反特定標誌(線)禁制,20220308191600
858,臺中市,機車,未注意車前狀態,20220309060800
859,高雄市,機車,未注意車前狀態,20220309062700
861,嘉義縣,大貨車,左轉彎未依規定,20220309074100
862,嘉義縣,機車,未注意車前狀態,20220309074100
863,高雄市,機車,未依規定讓車,20220309121700
865,嘉義縣,機車,未注意車前狀態,20220309134102
866,嘉義縣,小貨車(含客、貨兩用),違規停車或暫停不當而肇事,20220309134102
867,新北市,機車,未依規定讓車,20220309150000
868,新北市,曳引車,超速失控,20220309150000
874,彰化縣,機車,未注意車前狀態,20220310042500
878,桃園市,機車,未依規定減速,20220310073500
880,屏東縣,機車,未依規定讓車,20220310104220
881,屏東縣,大客車,未注意車前狀態,20220310104220
882,南投縣,機車,酒醉(後)駕駛失控,20220311001530
884,苗栗縣,小貨車(含客、貨兩用),未注意車前狀態,20220311034548
887,嘉義縣,小貨車(含客、貨兩用),未依規定讓車,20220311045500
888,嘉義縣,曳引車,未注意車前狀態,20220311045500
894,臺中市,小客車,未注意車前狀態,20220311093500
896,彰化縣,機車,未依規定讓車,20220311163000
897,彰化縣,機車,未依規定減速,20220311163000
898,屏東縣,機車,未注意車前狀態,20220311181800
900,嘉義縣,小客車,未注意車前狀態,20220311223300
902,嘉義縣,小客車,違規停車或暫停不當而肇事,20220311223300
903,臺北市,機車,酒醉(後)駕駛失控,20220311234300
905,臺北市,小客車,未注意車前狀態,20220311234300
906,高雄市,機車,未注意車前狀態,20220313065500
908,屏東縣,機車,未注意車前狀態,20220313133300
910,臺南市,小客車,未注意車前狀態,20220313165200
913,臺南市,大客車,未依規定讓車,20220313173520
914,臺南市,機車,未注意車前狀態,20220313173520
915,臺中市,機車,未依規定讓車,20220313231200
916,臺中市,小客車,未依規定減速,20220313231200
917,新北市,大貨車,未依規定讓車,20220314132400
918,新北市,機車,未注意車前狀態,20220314132400
921,高雄市,機車,未依規定讓車,20220314180600
922,高雄市,大客車,未依規定減速,20220314180600
929,南投縣,機車,違反號誌管制或指揮,20220315062441
937,屏東縣,機車,未注意車前狀態,20220315095400
940,高雄市,機車,未依規定減速,20220315110900
941,桃園市,機車,未依規定減速,20220315123700
947,嘉義縣,機車,未注意車前狀態,20220315193203
949,臺中市,小客車,未注意車前狀態,20220316052200
954,雲林縣,機車,未依規定讓車,20220316081900
955,雲林縣,小貨車(含客、貨兩用),未注意車前狀態,20220316081900
957,雲林縣,小客車,未依規定減速,20220316201500
958,臺中市,小客車,違反號誌管制或指揮,20220316221500
966,宜蘭縣,機車,左轉彎未依規定,20220317202000
967,宜蘭縣,小客車,未注意車前狀態,20220317202000
970,臺北市,機車,違反號誌管制或指揮,20220318012700
971,臺北市,小客車,超速失控,20220318012700
974,臺北市,小客車,超速失控,20220318185400
978,苗栗縣,小客車,酒醉(後)駕駛失控,20220319053900
984,屏東縣,機車,未注意車前狀態,20220319054500
986,高雄市,機車,未注意車前狀態,20220319062900
991,臺中市,機車,未依規定讓車,20220319134200
992,臺中市,小客車,未注意車前狀態,20220319134200
993,高雄市,機車,未注意車前狀態,20220319135900
996,臺中市,機車,未依規定讓車,20220319144900
997,臺中市,小客車,未依規定減速,20220319144900
998,臺中市,小客車,未依規定減速,20220319144900
1000,高雄市,機車,未依規定讓車,20220319190500
1001,高雄市,小貨車(含客、貨兩用),未依規定減速,20220319190500
1003,苗栗縣,慢車,未注意車前狀態,20220319210000
1005,新北市,小客車,酒醉(後)駕駛失控,20220320042700
1007,嘉義縣,機車,未注意車前狀態,20220320124500
1009,臺南市,機車,酒醉(後)駕駛失控,20220320170754
1011,新竹市,小客車,變換車道或方向不當,20220320200349
1014,高雄市,機車,未注意車前狀態,20220321111900
1016,臺南市,大貨車,未依規定讓車,20220321114900
1017,臺南市,機車,未注意車前狀態,20220321114900
1018,雲林縣,小貨車(含客、貨兩用),未依規定讓車,20220321163000
1019,雲林縣,機車,未注意車前狀態,20220321163000
1021,高雄市,機車,未注意車前狀態,20220321185900
1023,高雄市,機車,違反特定標誌(線)禁制,20220321230600
1029,臺中市,機車,未注意車前狀態,20220322053100
1031,花蓮縣,小客車,未依規定讓車,20220322075455
1032,花蓮縣,機車,未注意車前狀態,20220322075455
1034,嘉義縣,小貨車(含客、貨兩用),未注意車前狀態,20220322083400
1036,臺南市,特種車,未依規定讓車,20220322091529
1037,臺南市,機車,未注意車前狀態,20220322091529
1038,苗栗縣,曳引車,左轉彎未依規定,20220322112755
1039,苗栗縣,小客車,未注意車前狀態,20220322112755
1041,屏東縣,機車,未依規定讓車,20220322121309
1042,屏東縣,小客車,未依規定減速,20220322121309
1043,高雄市,曳引車,未注意車前狀態,20220322192600
1045,屏東縣,小貨車(含客、貨兩用),酒醉(後)駕駛失控,20220323054300
1046,屏東縣,機車,未注意車前狀態,20220323054300
1048,桃園市,機車,違反特定標誌(線)禁制,20220323092700
1050,彰化縣,機車,未依規定減速,20220323103500
1052,桃園市,機車,左轉彎未依規定,20220323113600
1053,桃園市,小客車,未注意車前狀態,20220323113600
1054,屏東縣,機車,酒醉(後)駕駛失控,20220323173200
1056,新北市,小客車,違反號誌管制或指揮,20220323235500
1058,高雄市,大貨車,未注意車前狀態,20220324050100
1061,高雄市,機車,未注意車前狀態,20220324122000
1064,臺中市,小貨車(含客、貨兩用),未注意車前狀態,20220324184100
1067,臺中市,機車,變換車道或方向不當,20220325061000
1068,臺中市,小客車,酒醉(後)駕駛失控,20220325061000
1069,新竹縣,其他車,違規停車或暫停不當而肇事,20220325115855
1070,新竹縣,機車,未注意車前狀態,20220325115855
1075,高雄市,機車,未注意車前狀態,20220325164500
1077,臺中市,機車,酒醉(後)駕駛失控,20220325191800
1080,高雄市,機車,未依規定讓車,20220326075900
1081,高雄市,小客車,未依規定減速,20220326075900
1082,臺北市,小客車,未依規定讓車,20220326081400
1084,臺東縣,機車,酒醉(後)駕駛失控,20220326142400
1086,桃園市,機車,酒醉(後)駕駛失控,20220326222940
1090,新北市,小客車,未注意車前狀態,20220328021400
1098,桃園市,機車,未注意車前狀態,20220329182700
1100,桃園市,大客車,變換車道或方向不當,20220329182700
1101,桃園市,機車,違規停車或暫停不當而肇事,20220329182700
1102,桃園市,小客車,違規停車或暫停不當而肇事,20220329182700
1107,臺中市,小客車,酒醉(後)駕駛失控,20220330003800
1109,新北市,機車,未注意車前狀態,20220330024500
1111,彰化縣,全聯結車,未依規定減速,20220330145100
1112,彰化縣,機車,未依規定讓車,20220330145100
1115,臺南市,大貨車,未依規定讓車,20220330171109
1116,臺南市,慢車,未注意車前狀態,20220330171109
1122,屏東縣,機車,酒醉(後)駕駛失控,20220331101800
1127,高雄市,機車,違反號誌管制或指揮,20220331131200
1129,臺中市,機車,未依規定讓車,20220331171500
1130,臺中市,小客車,未依規定減速,20220331171500
1131,屏東縣,小貨車(含客、貨兩用),酒醉(後)駕駛失控,20220401064500
1132,屏東縣,機車,酒醉(後)駕駛失控,20220401064500
1133,屏東縣,機車,未注意車前狀態,20220401182117
1135,嘉義市,小客車,違反號誌管制或指揮,20220401184100
1138,屏東縣,機車,未依規定讓車,20220401205030
1139,屏東縣,小客車,未注意車前狀態,20220401205030
1143,桃園市,小貨車(含客、貨兩用),未依規定減速,20220402114200
1146,桃園市,小客車,未依規定讓車,20220402181100
1147,桃園市,機車,未注意車前狀態,20220402181100
1148,彰化縣,機車,未注意車前狀態,20220402204000
1149,彰化縣,小貨車(含客、貨兩用),違規停車或暫停不當而肇事,20220402204000
1150,彰化縣,小客車,未注意車前狀態,20220402204000
1152,新北市,機車,未注意車前狀態,20220402231500
1153,桃園市,小客車,酒醉(後)駕駛失控,20220403011500
1156,花蓮縣,機車,未注意車前狀態,20220403040100
1158,新北市,小客車,未注意車前狀態,20220403184900
1162,臺南市,小貨車(含客、貨兩用),違反特定標誌(線)禁制,20220403223328
1164,桃園市,機車,未注意車前狀態,20220404062927
1167,雲林縣,小客車,未依規定減速,20220404114300
1168,屏東縣,機車,變換車道或方向不當,20220404141900
1169,屏東縣,小客車,未注意車前狀態,20220404141900
1174,雲林縣,小客車,未依規定減速,20220405052200
1176,彰化縣,機車,未依規定讓車,20220405121000
1177,彰化縣,小客車,未依規定減速,20220405121000
1178,臺中市,機車,未注意車前狀態,20220405160800
1181,雲林縣,小客車,未注意車前狀態,20220405230041
1182,雲林縣,小客車,未注意車前狀態,20220405230041
1183,雲林縣,機車,未注意車前狀態,20220405230041
1184,雲林縣,小客車,未注意車前狀態,20220405230041
1186,宜蘭縣,曳引車,未注意車前狀態,20220406094000
1189,彰化縣,機車,未依規定讓車,20220407090900
1190,彰化縣,機車,未注意車前狀態,20220407090900
1194,雲林縣,機車,未注意車前狀態,20220407184800
1196,桃園市,機車,未依規定讓車,20220407222500
1197,桃園市,小客車,未注意車前狀態,20220407222500
1198,臺南市,機車,違反特定標誌(線)禁制,20220408051200
1199,臺南市,機車,未注意車前狀態,20220408051200
1200,雲林縣,慢車,變換車道或方向不當,20220408082700
1201,雲林縣,小貨車(含客、貨兩用),未注意車前狀態,20220408082700
1204,臺中市,機車,未依規定讓車,20220408092000
1205,臺中市,小客車,未注意車前狀態,20220408092000
1206,宜蘭縣,機車,未依規定讓車,20220408092826
1207,宜蘭縣,小貨車(含客、貨兩用),未依規定減速,20220408092826
1211,雲林縣,小客車,未注意車前狀態,20220409052200
1213,高雄市,機車,未注意車前狀態,20220410022300
1215,高雄市,小客車,違規停車或暫停不當而肇事,20220410022300
1216,臺中市,機車,未注意車前狀態,20220410165700
1217,臺中市,大貨車,違規停車或暫停不當而肇事,20220410165700
1218,宜蘭縣,慢車,違反特定標誌(線)禁制,20220410190100
1219,宜蘭縣,小貨車(含客、貨兩用),未注意車前狀態,20220410190100
1223,高雄市,機車,未注意車前狀態,20220411054500
1225,嘉義縣,機車,違反特定標誌(線)禁制,20220411083100
1226,嘉義縣,小貨車(含客、貨兩用),超速失控,20220411083100
1229,高雄市,慢車,酒醉(後)駕駛失控,20220411214500
1230,高雄市,小客車,未依規定減速,20220411214500
1231,新北市,機車,違反特定標誌(線)禁制,20220412112700
1233,桃園市,大貨車,未依規定讓車,20220412132200
1234,桃園市,機車,未注意車前狀態,20220412132200
1238,桃園市,大貨車,未注意車前狀態,20220413103333
1239,桃園市,小客車,違反特定標誌(線)禁制,20220413103333
1242,新竹市,小客車,超速失控,20220413191900
1244,新北市,小客車,未注意車前狀態,20220414050000
1245,臺南市,機車,未注意車前狀態,20220414072817
1247,雲林縣,慢車,酒醉(後)駕駛失控,20220414131318
1248,雲林縣,小貨車(含客、貨兩用),未注意車前狀態,20220414131318
1250,臺中市,機車,未注意車前狀態,20220414134300
1251,彰化縣,曳引車,違反號誌管制或指揮,20220414142300
1257,高雄市,小貨車(含客、貨兩用),變換車道或方向不當,20220414145000
1261,新竹市,機車,酒醉(後)駕駛失控,20220414153200
1263,屏東縣,機車,未依規定讓車,20220414155700
1264,屏東縣,小貨車(含客、貨兩用),未注意車前狀態,20220414155700
1267,雲林縣,小貨車(含客、貨兩用),未注意車前狀態,20220415051200
1271,桃園市,機車,未注意車前狀態,20220415214300
1276,彰化縣,小客車,違規停車或暫停不當而肇事,20220415214800
1277,屏東縣,機車,未注意車前狀態,20220416044903
1280,嘉義縣,機車,未注意車前狀態,20220416063000
1282,彰化縣,機車,違反號誌管制或指揮,20220416074500
1286,屏東縣,機車,未注意車前狀態,20220416191000
1290,臺中市,小客車,未注意車前狀態,20220416213400
1291,新北市,機車,違反號誌管制或指揮,20220417082900
1298,臺中市,小客車,未依規定讓車,20220417163000
1299,臺中市,機車,未依規定減速,20220417163000
1300,臺南市,小客車,未依規定讓車,20220417192900
1301,臺南市,機車,超速失控,20220417192900
1302,臺南市,機車,違反特定標誌(線)禁制,20220417194023
1303,臺南市,大客車,未注意車前狀態,20220417194023
1304,臺南市,機車,未注意車前狀態,20220418051112
1306,高雄市,大貨車,未依規定讓車,20220418082300
1310,雲林縣,小客車,未注意車前狀態,20220418214800
1316,臺北市,小貨車(含客、貨兩用),未注意車前狀態,20220419044200
1319,嘉義縣,小客車,超速失控,20220419174400
1320,嘉義縣,機車,未依規定讓車,20220419174400
1321,南投縣,機車,未注意車前狀態,20220419190000
1327,高雄市,機車,未注意車前狀態,20220421044400
1329,基隆市,機車,違反特定標誌(線)禁制,20220421061600
1331,臺中市,小客車,未依規定讓車,20220421075000
1332,臺中市,機車,未注意車前狀態,20220421075000
1333,臺南市,機車,未注意車前狀態,20220421110400
1335,新竹縣,小客車,違反特定標誌(線)禁制,20220421201200
1336,新竹縣,機車,違反特定標誌(線)禁制,20220421201200
1338,臺南市,小貨車(含客、貨兩用),未依規定讓車,20220422095700
1339,臺南市,機車,未注意車前狀態,20220422095700
1342,臺中市,機車,未依規定讓車,20220422115300
1343,臺中市,小貨車(含客、貨兩用),未依規定減速,20220422115300
1344,臺南市,慢車,未依規定讓車,20220422184009
1345,臺南市,機車,未注意車前狀態,20220422184009
1346,雲林縣,小客車,未注意車前狀態,20220423010022
1351,新竹縣,機車,違反號誌管制或指揮,20220423043600
1353,嘉義市,小客車,酒醉(後)駕駛失控,20220423053500
1359,臺東縣,機車,未依規定讓車,20220423055300
1360,臺東縣,小貨車(含客、貨兩用),未依規定減速,20220423055300
1361,新北市,機車,酒醉(後)駕駛失控,20220423061700
1364,屏東縣,小貨車(含客、貨兩用),未注意車前狀態,20220423072437
1368,屏東縣,機車,未依規定讓車,20220423143400
1369,屏東縣,機車,未注意車前狀態,20220423143400
1370,高雄市,大貨車,未依規定讓車,20220423144500
1373,桃園市,機車,酒醉(後)駕駛失控,20220423191600
1374,雲林縣,機車,未注意車前狀態,20220423192200
1376,高雄市,機車,酒醉(後)駕駛失控,20220423193800
1378,臺中市,小客車,變換車道或方向不當,20220424062200
1379,臺中市,機車,變換車道或方向不當,20220424062200
1383,屏東縣,機車,變換車道或方向不當,20220424091500
1385,屏東縣,機車,未注意車前狀態,20220425065522
1387,高雄市,慢車,未注意車前狀態,20220425112000
1391,臺中市,機車,未注意車前狀態,20220425185800
1395,新竹縣,機車,違反特定標誌(線)禁制,20220426063136
1397,桃園市,大貨車,違反號誌管制或指揮,20220426063410
1399,臺南市,機車,未依規定讓車,20220426074335
1400,臺南市,機車,未依規定減速,20220426074335
1402,桃園市,小客車,未依規定讓車,20220426085100
1403,桃園市,曳引車,未依規定減速,20220426085100
1404,新北市,小貨車(含客、貨兩用),違反號誌管制或指揮,20220426103400
1406,花蓮縣,小貨車(含客、貨兩用),未注意車前狀態,20220426114000
1407,花蓮縣,機車,違規停車或暫停不當而肇事,20220426114000
1408,彰化縣,小貨車(含客、貨兩用),未依規定讓車,20220426170500
1409,彰化縣,機車,未依規定減速,20220426170500
1410,雲林縣,機車,違反特定標誌(線)禁制,20220427070400
1411,雲林縣,大貨車,未注意車前狀態,20220427070400
1414,臺南市,機車,未注意車前狀態,20220427075400
1416,嘉義縣,小貨車(含客、貨兩用),未注意車前狀態,20220427083000
1418,宜蘭縣,機車,未注意車前狀態,20220427140428
1423,臺南市,機車,未注意車前狀態,20220427164013
1425,南投縣,機車,酒醉(後)駕駛失控,20220427165955
1427,臺南市,機車,未注意車前狀態,20220427182000
1429,彰化縣,機車,未依規定讓車,20220427210800
1430,彰化縣,機車,未注意車前狀態,20220427210800
1431,桃園市,小客車,未注意車前狀態,20220428050300
1434,彰化縣,機車,未依規定讓車,20220428090500
1435,彰化縣,機車,未依規定減速,20220428090500
1436,高雄市,機車,未注意車前狀態,20220428091300
1439,高雄市,機車,未注意車前狀態,20220428182200
1440,臺中市,小客車,未依規定讓車,20220428193800
1441,臺中市,機車,未注意車前狀態,20220428193800
1443,高雄市,機車,未注意車前狀態,20220428211300
1444,苗栗縣,機車,未注意車前狀態,20220429094046
1447,臺中市,小貨車(含客、貨兩用),未注意車前狀態,20220429114500
1449,高雄市,小客車,違反號誌管制或指揮,20220429121000
1450,高雄市,機車,違反號誌管制或指揮,20220429121000
1451,嘉義縣,機車,未注意車前狀態,20220430091600
1455,彰化縣,曳引車,未注意車前狀態,20220430233900
1457,新北市,機車,違反號誌管制或指揮,20220501002400
1458,新北市,機車,違反號誌管制或指揮,20220501002400
1466,屏東縣,小客車,未注意車前狀態,20220501012920
1470,高雄市,機車,未注意車前狀態,20220501033500
1472,苗栗縣,小客車,未注意車前狀態,20220501045420
1476,臺南市,機車,未依規定讓車,20220501083609
1480,臺中市,小客車,酒醉(後)駕駛失控,20220501221500
1483,屏東縣,小客車,未注意車前狀態,20220502004300
1488,臺北市,小客車,未注意車前狀態,20220502032000
1490,臺北市,小貨車(含客、貨兩用),未注意車前狀態,20220502032000
1494,新竹縣,機車,未注意車前狀態,20220502162610
1497,屏東縣,小客車,未注意車前狀態,20220502162800
1498,臺南市,機車,違反號誌管制或指揮,20220503075800
1499,臺南市,小客車,未注意車前狀態,20220503075800
1500,臺中市,小貨車(含客、貨兩用),未注意車前狀態,20220503161700
1503,花蓮縣,機車,未注意車前狀態,20220503202500
1506,臺中市,曳引車,未注意車前狀態,20220504101800
1515,雲林縣,機車,未依規定讓車,20220504112500
1516,雲林縣,小客車,未依規定減速,20220504112500
1522,屏東縣,機車,未注意車前狀態,20220504185236
1526,嘉義市,小客車,違反號誌管制或指揮,20220504204000
1528,臺中市,小客車,未注意車前狀態,20220505000800
1530,桃園市,機車,左轉彎未依規定,20220505053657
1531,桃園市,小貨車(含客、貨兩用),未注意車前狀態,20220505053657
1541,高雄市,機車,左轉彎未依規定,20220505174000
1542,高雄市,機車,未注意車前狀態,20220505174000
1544,新北市,機車,未依規定讓車,20220505182400
1545,新北市,機車,未注意車前狀態,20220505182400
1546,彰化縣,機車,未注意車前狀態,20220505185000
1549,桃園市,機車,未注意車前狀態,20220506081900
1556,桃園市,機車,未依規定減速,20220506145857
1559,新北市,機車,未注意車前狀態,20220506164900
1562,基隆市,機車,未注意車前狀態,20220506215200
1563,基隆市,機車,未注意車前狀態,20220506215200
1566,新北市,小客車,變換車道或方向不當,20220507030700
1569,新竹縣,機車,超速失控,20220507062923
1571,花蓮縣,小客車,未注意車前狀態,20220507192019
1574,澎湖縣,機車,未注意車前狀態,20220507202300
1577,花蓮縣,機車,酒醉(後)駕駛失控,20220508012437
1580,臺南市,機車,未注意車前狀態,20220508054500
1583,屏東縣,小客車,違反號誌管制或指揮,20220508081300
1588,高雄市,小貨車(含客、貨兩用),未依規定讓車,20220508125500
1589,高雄市,機車,未注意車前狀態,20220508125500
1590,臺東縣,機車,酒醉(後)駕駛失控,20220508142500
1594,彰化縣,小客車,違規停車或暫停不當而肇事,20220509083700
1595,彰化縣,大貨車,未注意車前狀態,20220509083700
1598,高雄市,小客車,未注意車前狀態,20220509085600
1601,高雄市,機車,未注意車前狀態,20220509170400
1603,臺南市,機車,未注意車前狀態,20220509185800
1609,新北市,曳引車,未注意車前狀態,20220510115600
1613,花蓮縣,小貨車(含客、貨兩用),未注意車前狀態,20220510185058
1617,宜蘭縣,小客車,未注意車前狀態,20220510222659
1619,雲林縣,小貨車(含客、貨兩用),左轉彎未依規定,20220510235300
1620,雲林縣,機車,未注意車前狀態,20220510235300
1621,桃園市,小客車,未注意車前狀態,20220511013243
1625,桃園市,大貨車,變換車道或方向不當,20220511074316
1627,高雄市,小貨車(含客、貨兩用),未依規定讓車,20220511124500
1628,高雄市,小貨車(含客、貨兩用),未依規定減速,20220511124500
1633,新竹縣,機車,違反特定標誌(線)禁制,20220511145550
1634,新竹縣,大貨車,未注意車前狀態,20220511145550
1637,臺中市,機車,未依規定讓車,20220512012500
1638,臺中市,小貨車(含客、貨兩用),未注意車前狀態,20220512012500
1639,嘉義縣,曳引車,違反號誌管制或指揮,20220512214500
1643,雲林縣,機車,未依規定減速,20220512232000
1645,南投縣,小貨車(含客、貨兩用),超速失控,20220513064115
1649,新北市,特種車,未依規定讓車,20220513195400
1650,新北市,機車,未注意車前狀態,20220513195400
1651,嘉義縣,小客車,未注意車前狀態,20220513200456
1653,嘉義縣,小客車,未注意車前狀態,20220513200456
1654,嘉義縣,小客車,未注意車前狀態,20220513200456
1655,嘉義縣,小客車,未注意車前狀態,20220513200456
1656,嘉義縣,小客車,未注意車前狀態,20220513200456
1658,嘉義縣,小客車,未注意車前狀態,20220513200456
1659,嘉義縣,小貨車(含客、貨兩用),違規停車或暫停不當而肇事,20220513200456
1664,臺中市,小貨車(含客、貨兩用),未依規定讓車,20220513200600
1665,臺中市,機車,未注意車前狀態,20220513200600
1666,彰化縣,小客車,酒醉(後)駕駛失控,20220514052700
1671,桃園市,小客車,未依規定讓車,20220514203900
1672,桃園市,機車,未注意車前狀態,20220514203900
1673,苗栗縣,機車,酒醉(後)駕駛失控,20220514204557
1676,屏東縣,機車,未注意車前狀態,20220515063500
1679,臺中市,小客車,未注意車前狀態,20220516013500
1680,屏東縣,機車,酒醉(後)駕駛失控,20220516050023
1681,屏東縣,曳引車,違規停車或暫停不當而肇事,20220516050023
1682,彰化縣,大貨車,未依規定讓車,20220516054700
1683,彰化縣,小客車,未注意車前狀態,20220516054700
1685,臺東縣,機車,未注意車前狀態,20220516073100
1686,臺東縣,小貨車(含客、貨兩用),違規停車或暫停不當而肇事,20220516073100
1687,花蓮縣,小貨車(含客、貨兩用),未依規定讓車,20220516102253
1688,花蓮縣,機車,未注意車前狀態,20220516102253
1692,宜蘭縣,機車,未注意車前狀態,20220516145843
1694,彰化縣,小貨車(含客、貨兩用),違反號誌管制或指揮,20220517052800
1697,臺中市,小貨車(含客、貨兩用),違反號誌管制或指揮,20220517070500
1699,新竹縣,曳引車,未注意車前狀態,20220517085900
1701,彰化縣,大貨車,未注意車前狀態,20220517113700
1704,彰化縣,小貨車(含客、貨兩用),未注意車前狀態,20220517125400
1705,苗栗縣,機車,未注意車前狀態,20220517142235
1706,苗栗縣,小貨車(含客、貨兩用),違規停車或暫停不當而肇事,20220517142235
1707,苗栗縣,小貨車(含客、貨兩用),違規停車或暫停不當而肇事,20220517142235
1708,彰化縣,小貨車(含客、貨兩用),未依規定讓車,20220517210300
1709,彰化縣,機車,未依規定減速,20220517210300
1710,屏東縣,機車,違反號誌管制或指揮,20220518075200
1723,臺中市,機車,未注意車前狀態,20220519120400
1724,臺中市,大貨車,違規停車或暫停不當而肇事,20220519120400
1725,臺中市,曳引車,違規停車或暫停不當而肇事,20220519120400
1727,雲林縣,機車,違反特定標誌(線)禁制,20220519164500
1728,雲林縣,小客車,未依規定減速,20220519164500
1730,彰化縣,機車,未注意車前狀態,20220519170300
1733,花蓮縣,曳引車,違反號誌管制或指揮,20220520043613
1741,嘉義縣,機車,未注意車前狀態,20220520090200
1742,嘉義縣,大貨車,違規停車或暫停不當而肇事,20220520090200
1746,新北市,小客車,未注意車前狀態,20220520205500
1747,臺南市,機車,未注意車前狀態,20220521191018
1749,臺南市,小貨車(含客、貨兩用),未注意車前狀態,20220521191018
1750,臺中市,小貨車(含客、貨兩用),未依規定讓車,20220521202400
1751,臺中市,機車,未注意車前狀態,20220521202400
1752,高雄市,機車,未注意車前狀態,20220522021300
1754,臺中市,機車,酒醉(後)駕駛失控,20220522024200
1756,桃園市,小貨車(含客、貨兩用),違反號誌管制或指揮,20220522081800
1759,臺北市,機車,違反號誌管制或指揮,20220522105400
1764,屏東縣,機車,未注意車前狀態,20220522141300
1766,宜蘭縣,小客車,酒醉(後)駕駛失控,20220522215207
1770,臺南市,機車,未注意車前狀態,20220523060500
1772,臺中市,機車,未注意車前狀態,20220523070600
1774,臺中市,機車,未注意車前狀態,20220523071500
1777,新北市,小貨車(含客、貨兩用),違反特定標誌(線)禁制,20220523084200
1781,桃園市,機車,違反號誌管制或指揮,20220524061400
1782,桃園市,小客車,超速失控,20220524061400
1783,屏東縣,機車,未注意車前狀態,20220524185400
1785,宜蘭縣,小貨車(含客、貨兩用),未依規定讓車,20220524210041
1786,宜蘭縣,機車,未依規定減速,20220524210041
1787,臺南市,小客車,未注意車前狀態,20220524222557
1789,高雄市,機車,未依規定減速,20220524230600
1794,新北市,小客車,超速失控,20220525115400
1798,高雄市,小貨車(含客、貨兩用),違反號誌管制或指揮,20220526060200
1800,雲林縣,大貨車,未依規定讓車,20220526084537
1801,雲林縣,機車,未依規定減速,20220526084537
1802,新竹縣,機車,未依規定讓車,20220526102700
1805,雲林縣,小客車,未依規定讓車,20220526120800
1806,雲林縣,機車,未依規定減速,20220526120800
1807,高雄市,機車,未依規定減速,20220526155000
1809,苗栗縣,小客車,酒醉(後)駕駛失控,20220526164515
1814,屏東縣,小貨車(含客、貨兩用),左轉彎未依規定,20220526171400
1816,臺南市,小客車,未依規定減速,20220526171940
1818,臺南市,機車,左轉彎未依規定,20220526171940
1819,新北市,小客車,未注意車前狀態,20220526213100
1826,花蓮縣,大貨車,未注意車前狀態,20220527152644
1829,高雄市,機車,未注意車前狀態,20220527170100
1831,彰化縣,大貨車,違反號誌管制或指揮,20220527170300
1834,桃園市,機車,未注意車前狀態,20220527191800
1835,雲林縣,機車,未注意車前狀態,20220528034000
1837,臺東縣,機車,左轉彎未依規定,20220528062102
1838,臺東縣,小客車,未注意車前狀態,20220528062102
1839,臺南市,機車,未依規定讓車,20220528084600
1840,臺南市,小客車,未依規定減速,20220528084600
1844,屏東縣,機車,未注意車前狀態,20220528125720
1846,臺中市,小客車,酒醉(後)駕駛失控,20220528171800
1850,臺南市,機車,違反特定標誌(線)禁制,20220528201600
1851,新北市,機車,超速失控,20220528221000
1855,宜蘭縣,機車,未注意車前狀態,20220528223022
1859,臺南市,機車,未注意車前狀態,20220530115408
1861,宜蘭縣,機車,變換車道或方向不當,20220530162203
1862,宜蘭縣,機車,未注意車前狀態,20220530162203
1864,新北市,小貨車(含客、貨兩用),未注意車前狀態,20220531020600
1866,臺中市,機車,未注意車前狀態,20220531094200
1868,臺北市,慢車,變換車道或方向不當,20220531102500
1869,臺北市,機車,超速失控,20220531102500
1870,高雄市,小客車,未注意車前狀態,20220531164700
1873,嘉義縣,機車,未注意車前狀態,20220531173914
1875,花蓮縣,大貨車,未注意車前狀態,20220531175250
1879,桃園市,機車,未注意車前狀態,20220601005300
1881,臺北市,機車,超速失控,20220601013200
1885,新北市,機車,違反特定標誌(線)禁制,20220601082600
1888,彰化縣,小貨車(含客、貨兩用),未依規定讓車,20220601122600
1889,彰化縣,機車,未注意車前狀態,20220601122600
1891,屏東縣,機車,未依規定讓車,20220601163700
1892,屏東縣,小貨車(含客、貨兩用),未注意車前狀態,20220601163700
1895,桃園市,大貨車,未依規定讓車,20220602143900
1896,桃園市,機車,未注意車前狀態,20220602143900
1897,新北市,機車,未注意車前狀態,20220602145500
1900,桃園市,機車,未注意車前狀態,20220602205700
1902,屏東縣,小客車,未注意車前狀態,20220603014500
1904,臺中市,機車,酒醉(後)駕駛失控,20220603031000
1910,高雄市,機車,左轉彎未依規定,20220603131900
1911,高雄市,大貨車,未注意車前狀態,20220603131900
1913,新竹縣,小客車,酒醉(後)駕駛失控,20220604033822
1918,宜蘭縣,慢車,未注意車前狀態,20220604053707
1920,臺北市,機車,未注意車前狀態,20220604181000
1921,臺北市,小客車,違反特定標誌(線)禁制,20220604181000
1923,雲林縣,機車,未注意車前狀態,20220604183500
1925,彰化縣,小客車,未注意車前狀態,20220604201700
1929,屏東縣,慢車,未注意車前狀態,20220605020000
1931,宜蘭縣,慢車,未依規定讓車,20220605154508
1932,宜蘭縣,小客車,未注意車前狀態,20220605154508
1933,屏東縣,機車,未注意車前狀態,20220605185300
1935,高雄市,機車,違反號誌管制或指揮,20220606071100
1936,高雄市,機車,未注意車前狀態,20220606071100
1938,花蓮縣,大貨車,未注意車前狀態,20220606110400
1939,雲林縣,機車,未注意車前狀態,20220606111037
1940,雲林縣,小貨車(含客、貨兩用),未注意車前狀態,20220606111037
1941,宜蘭縣,機車,未依規定讓車,20220606133700
1942,宜蘭縣,小客車,未依規定減速,20220606133700
1944,桃園市,機車,未依規定讓車,20220606171200
1945,桃園市,小客車,未依規定減速,20220606171200
1947,臺中市,機車,未依規定讓車,20220606191300
1949,嘉義縣,小客車,未注意車前狀態,20220606204800
1950,臺南市,機車,未注意車前狀態,20220606220000
1952,臺南市,小客車,未注意車前狀態,20220606222400
1954,彰化縣,大貨車,未依規定讓車,20220607021100
1955,彰化縣,小客車,未依規定減速,20220607021100
1957,苗栗縣,小貨車(含客、貨兩用),左轉彎未依規定,20220607071808
1959,臺北市,小客車,變換車道或方向不當,20220607074500
1962,花蓮縣,曳引車,酒醉(後)駕駛失控,20220607095400
1968,彰化縣,機車,未依規定讓車,20220608073500
1969,彰化縣,機車,未注意車前狀態,20220608073500
1970,臺東縣,小客車,違反特定標誌(線)禁制,20220608103000
1973,臺南市,小客車,未注意車前狀態,20220608170900
1975,南投縣,小客車,酒醉(後)駕駛失控,20220609035200
1979,南投縣,大貨車,未注意車前狀態,20220609035200
1980,南投縣,大貨車,未注意車前狀態,20220609035200
1981,南投縣,小客車,未注意車前狀態,20220609035200
1984,新竹市,機車,違反特定標誌(線)禁制,20220609161700
1985,新竹市,機車,違反特定標誌(線)禁制,20220609161700
1989,臺南市,小客車,未依規定讓車,20220610095500
1990,臺南市,機車,未依規定減速,20220610095500
1991,南投縣,機車,超速失控,20220610164400
1996,桃園市,機車,未注意車前狀態,20220610181100
1997,彰化縣,小客車,未依規定讓車,20220611054900
1998,彰化縣,機車,未依規定減速,20220611054900
1999,高雄市,機車,左轉彎未依規定,20220611165500
2000,高雄市,小貨車(含客、貨兩用),違反特定標誌(線)禁制,20220611165500
2002,彰化縣,小客車,未注意車前狀態,20220611234500
2005,彰化縣,慢車,未注意車前狀態,20220612183100
2007,宜蘭縣,小客車,未注意車前狀態,20220613021400
2011,宜蘭縣,機車,左轉彎未依規定,20220613153406
2012,宜蘭縣,小客車,未注意車前狀態,20220613153406
2014,屏東縣,小客車,違反號誌管制或指揮,20220614115500
2016,新北市,機車,違反特定標誌(線)禁制,20220614121600
2019,屏東縣,機車,未注意車前狀態,20220614172600
2022,花蓮縣,小貨車(含客、貨兩用),未注意車前狀態,20220614190112
2024,高雄市,小客車,未注意車前狀態,20220615020000
2033,基隆市,小客車,未依規定減速,20220615114500
2037,雲林縣,機車,未注意車前狀態,20220615150900
2038,臺南市,機車,未依規定讓車,20220615174800
2039,臺南市,機車,未依規定減速,20220615174800
2040,高雄市,機車,未注意車前狀態,20220615183000
2042,花蓮縣,機車,酒醉(後)駕駛失控,20220616010730
2046,新北市,機車,未注意車前狀態,20220616065000
2047,新北市,曳引車,違規停車或暫停不當而肇事,20220616065000
2050,桃園市,機車,未注意車前狀態,20220616074600
2052,臺南市,小客車,未依規定讓車,20220616080300
2053,臺南市,機車,未依規定減速,20220616080300
2056,臺南市,機車,未依規定讓車,20220616155548
2057,臺南市,小貨車(含客、貨兩用),未依規定減速,20220616155548
2058,彰化縣,機車,酒醉(後)駕駛失控,20220616193400
2060,新北市,小貨車(含客、貨兩用),未注意車前狀態,20220616211500
2062,苗栗縣,大貨車,未注意車前狀態,20220617031600
2064,彰化縣,機車,左轉彎未依規定,20220617072500
2065,彰化縣,機車,未注意車前狀態,20220617072500
2068,臺中市,小客車,未注意車前狀態,20220617191554
2076,彰化縣,機車,未注意車前狀態,20220618000200
2077,雲林縣,小客車,未依規定讓車,20220618112200
2078,雲林縣,機車,未注意車前狀態,20220618112200
2079,彰化縣,小客車,未依規定讓車,20220618121500
2080,彰化縣,機車,未依規定減速,20220618121500
2084,基隆市,機車,酒醉(後)駕駛失控,20220618190000
2091,桃園市,機車,未依規定減速,20220619104400
2095,苗栗縣,機車,未依規定減速,20220619120525
2097,雲林縣,小貨車(含客、貨兩用),未注意車前狀態,20220619232500
2100,嘉義縣,大貨車,未注意車前狀態,20220620035000
2101,花蓮縣,小客車,未依規定讓車,20220620073903
2102,花蓮縣,機車,未注意車前狀態,20220620073903
2103,臺南市,大貨車,未依規定讓車,20220620074700
2104,臺南市,小客車,未依規定減速,20220620074700
2105,新竹市,機車,未注意車前狀態,20220620080600
2106,新竹市,小貨車(含客、貨兩用),違規停車或暫停不當而肇事,20220620080600
2107,高雄市,機車,左轉彎未依規定,20220620082900
2108,高雄市,小客車,未注意車前狀態,20220620082900
2112,新北市,小客車,酒醉(後)駕駛失控,20220621015200
2115,雲林縣,小客車,未注意車前狀態,20220621031014
2117,屏東縣,機車,未注意車前狀態,20220621063000
2121,高雄市,小貨車(含客、貨兩用),未依規定讓車,20220621081900
2122,高雄市,機車,未依規定減速,20220621081900
2123,彰化縣,機車,未注意車前狀態,20220621122200
2124,彰化縣,機車,左轉彎未依規定,20220621122200
2125,雲林縣,機車,未注意車前狀態,20220622080912
2129,彰化縣,機車,酒醉(後)駕駛失控,20220622164200
2132,新北市,機車,違反特定標誌(線)禁制,20220623063800
2133,新北市,機車,超速失控,20220623063800
2134,新北市,機車,未注意車前狀態,20220623063800
2137,桃園市,機車,未依規定減速,20220623110330
2139,高雄市,小客車,未注意車前狀態,20220623114000
2143,屏東縣,小客車,左轉彎未依規定,20220623134300
2144,屏東縣,機車,未注意車前狀態,20220623134300
2146,苗栗縣,機車,未依規定讓車,20220623162930
2148,彰化縣,小貨車(含客、貨兩用),酒醉(後)駕駛失控,20220623193000
2150,桃園市,小客車,未注意車前狀態,20220624053000
2153,臺東縣,小客車,未注意車前狀態,20220624155300
2154,臺東縣,小客車,未依規定減速,20220624155300
2155,臺南市,機車,未注意車前狀態,20220625065426
2158,高雄市,曳引車,未依規定讓車,20220625073200
2160,新北市,機車,違反號誌管制或指揮,20220625075100
2161,新北市,機車,超速失控,20220625075100
2164,屏東縣,機車,未依規定讓車,20220625113600
2165,屏東縣,機車,酒醉(後)駕駛失控,20220625113600
2169,嘉義縣,機車,未注意車前狀態,20220626053600
2173,花蓮縣,小客車,酒醉(後)駕駛失控,20220626132000
2177,高雄市,機車,未注意車前狀態,20220626145000
2189,新北市,機車,超速失控,20220627202400
2191,桃園市,機車,酒醉(後)駕駛失控,20220628001300
2193,苗栗縣,小客車,未依規定讓車,20220628082800
2194,苗栗縣,機車,未注意車前狀態,20220628082800
2195,桃園市,其他車,違規停車或暫停不當而肇事,20220628085500
2196,桃園市,機車,未注意車前狀態,20220628085500
2198,桃園市,其他車,違規停車或暫停不當而肇事,20220628085500
2200,桃園市,曳引車,違規停車或暫停不當而肇事,20220628085500
2201,臺中市,大貨車,未依規定讓車,20220628094900
2202,臺中市,機車,未依規定減速,20220628094900
2203,屏東縣,機車,左轉彎未依規定,20220628100425
2204,屏東縣,小貨車(含客、貨兩用),未注意車前狀態,20220628100425
2205,彰化縣,小貨車(含客、貨兩用),未依規定讓車,20220628121700
2206,彰化縣,機車,未注意車前狀態,20220628121700
2207,新竹縣,機車,違反特定標誌(線)禁制,20220628144700
2210,臺中市,小客車,未注意車前狀態,20220629033300
2217,高雄市,小客車,違規停車或暫停不當而肇事,20220629102800
2218,花蓮縣,機車,未注意車前狀態,20220629113829
2220,臺東縣,機車,未注意車前狀態,20220629130005
2223,臺中市,機車,未注意車前狀態,20220629161000
2227,高雄市,小客車,未依規定讓車,20220629173500
2228,新北市,機車,未注意車前狀態,20220629180900
2230,新北市,機車,未注意車前狀態,20220629180900
2231,雲林縣,機車,未注意車前狀態,20220630023000
2233,雲林縣,小客車,未依規定讓車,20220630071800
2234,雲林縣,機車,未注意車前狀態,20220630071800
2235,臺東縣,小客車,酒醉(後)駕駛失控,20220630081300
2237,桃園市,機車,未依規定讓車,20220630102232
2238,桃園市,小客車,未依規定減速,20220630102232
2240,桃園市,機車,變換車道或方向不當,20220630180700
2241,桃園市,曳引車,未注意車前狀態,20220630180700
2243,屏東縣,小客車,未注意車前狀態,20220701043652
2244,高雄市,曳引車,未依規定讓車,20220701074300
2246,苗栗縣,曳引車,未注意車前狀態,20220701094017
2249,臺南市,小客車,未注意車前狀態,20220701114000
2251,桃園市,機車,未注意車前狀態,20220701122227
2253,苗栗縣,機車,未注意車前狀態,20220701154733
2254,苗栗縣,機車,未注意車前狀態,20220701154733
2257,苗栗縣,小貨車(含客、貨兩用),未注意車前狀態,20220701211500
2258,苗栗縣,機車,未注意車前狀態,20220701211500
2270,臺北市,小客車,未注意車前狀態,20220702044100
2273,臺北市,小客車,未注意車前狀態,20220702044100
2277,桃園市,機車,未依規定讓車,20220702084700
2278,桃園市,小貨車(含客、貨兩用),未注意車前狀態,20220702084700
2279,宜蘭縣,小客車,未注意車前狀態,20220702114500
2280,宜蘭縣,機車,變換車道或方向不當,20220702114500
2281,彰化縣,小貨車(含客、貨兩用),未注意車前狀態,20220702223900
2286,高雄市,機車,未注意車前狀態,20220703141500
2288,花蓮縣,機車,未注意車前狀態,20220703164600
2290,雲林縣,機車,左轉彎未依規定,20220703213809
2294,高雄市,小客車,未注意車前狀態,20220704032200
2296,臺中市,大貨車,未注意車前狀態,20220704055300
2299,雲林縣,小客車,違反號誌管制或指揮,20220704071200
2300,雲林縣,機車,違反號誌管制或指揮,20220704071200
2301,臺中市,小客車,未注意車前狀態,20220704125400
2302,臺中市,慢車,違反特定標誌(線)禁制,20220704125400
2304,臺南市,小貨車(含客、貨兩用),未注意車前狀態,20220704192600
2307,新北市,機車,違反號誌管制或指揮,20220705110400
2311,臺中市,機車,違反特定標誌(線)禁制,20220705161100
2312,臺中市,小貨車(含客、貨兩用),未依規定減速,20220705161100
2314,彰化縣,小貨車(含客、貨兩用),未注意車前狀態,20220705181138
2315,彰化縣,小貨車(含客、貨兩用),違規停車或暫停不當而肇事,20220705181138
2316,臺中市,機車,未注意車前狀態,20220706021000
2318,澎湖縣,小客車,超速失控,20220706061800
2320,新竹市,半聯結車,酒醉(後)駕駛失控,20220706062500
2321,新竹市,小客車,違反特定標誌(線)禁制,20220706062500
2325,臺南市,機車,未注意車前狀態,20220706110638
2326,臺南市,小貨車(含客、貨兩用),違規停車或暫停不當而肇事,20220706110638
2334,南投縣,機車,超速失控,20220707080600
2337,高雄市,小客車,未依規定讓車,20220707135000
2338,高雄市,機車,未依規定減速,20220707135000
2339,新北市,機車,變換車道或方向不當,20220707174700
2343,屏東縣,機車,未注意車前狀態,20220708065100
2347,新北市,機車,違反號誌管制或指揮,20220709063000
2348,新北市,小客車,超速失控,20220709063000
2349,臺南市,機車,違反特定標誌(線)禁制,20220709161419
2350,臺南市,機車,未注意車前狀態,20220709161419
2352,花蓮縣,大貨車,變換車道或方向不當,20220710072552
2354,彰化縣,小客車,未依規定讓車,20220710073500
2355,彰化縣,機車,未依規定減速,20220710073500
2356,高雄市,機車,未注意車前狀態,20220710090300
2358,臺東縣,其他車,未依規定讓車,20220710164300
2359,臺東縣,機車,未依規定減速,20220710164300
2361,桃園市,機車,未注意車前狀態,20220711054000
2362,雲林縣,機車,未注意車前狀態,20220711072928
2364,新北市,小貨車(含客、貨兩用),違反號誌管制或指揮,20220711110400
2366,桃園市,大貨車,變換車道或方向不當,20220712052046
2370,嘉義縣,小客車,違反號誌管制或指揮,20220712074300
2372,臺南市,小客車,未依規定讓車,20220712164434
2374,彰化縣,半聯結車,未注意車前狀態,20220712212017
2379,臺南市,機車,酒醉(後)駕駛失控,20220712220239
2381,宜蘭縣,小客車,違反號誌管制或指揮,20220712235400
2382,宜蘭縣,機車,違反號誌管制或指揮,20220712235400
2383,臺中市,機車,未注意車前狀態,20220713075800
2385,雲林縣,小客車,未注意車前狀態,20220713085000
2391,屏東縣,小客車,未注意車前狀態,20220713181100
2395,高雄市,小客車,未注意車前狀態,20220714074700
2399,彰化縣,小貨車(含客、貨兩用),未依規定讓車,20220714193400
2400,彰化縣,機車,未依規定減速,20220714193400
2403,宜蘭縣,機車,超速失控,20220715073900
2405,彰化縣,小客車,未依規定讓車,20220715080200
2406,彰化縣,機車,未依規定減速,20220715080200
2407,新北市,大客車,未注意車前狀態,20220715100300
2409,臺南市,機車,未依規定讓車,20220715125700
2410,臺南市,機車,未依規定減速,20220715125700
2412,臺南市,機車,未依規定讓車,20220715143500
2413,臺南市,半聯結車,未依規定減速,20220715143500
2415,新北市,小貨車(含客、貨兩用),超速失控,20220715192600
2421,臺中市,小客車,違反號誌管制或指揮,20220716090800
2431,宜蘭縣,機車,未注意車前狀態,20220716142600
2434,雲林縣,曳引車,違反號誌管制或指揮,20220717025338
2435,雲林縣,機車,違反號誌管制或指揮,20220717025338
2438,臺東縣,半聯結車,未注意車前狀態,20220718044700
2442,新北市,小客車,超速失控,20220718074000
2445,新北市,小客車,變換車道或方向不當,20220718090300
2447,新北市,機車,違規停車或暫停不當而肇事,20220718090300
2448,新北市,大貨車,變換車道或方向不當,20220718125600
2450,苗栗縣,機車,左轉彎未依規定,20220719074612
2451,苗栗縣,機車,未注意車前狀態,20220719074612
2452,彰化縣,曳引車,違反號誌管制或指揮,20220719080400
2453,彰化縣,機車,違反號誌管制或指揮,20220719080400
2454,屏東縣,機車,左轉彎未依規定,20220719081100
2455,屏東縣,小客車,未注意車前狀態,20220719081100
2456,屏東縣,機車,未依規定讓車,20220719155349
2457,屏東縣,大貨車,未注意車前狀態,20220719155349
2459,臺南市,機車,未依規定讓車,20220719171536
2460,臺南市,小客車,未依規定減速,20220719171536
2463,宜蘭縣,機車,未依規定讓車,20220719221804
2464,宜蘭縣,小客車,未依規定減速,20220719221804
2465,桃園市,小客車,違反特定標誌(線)禁制,20220720092600
2466,桃園市,機車,未依規定減速,20220720092600
2467,嘉義市,小貨車(含客、貨兩用),未依規定讓車,20220720115000
2471,新竹市,機車,酒醉(後)駕駛失控,20220720213200
2473,高雄市,機車,未注意車前狀態,20220721080800
2475,高雄市,大貨車,變換車道或方向不當,20220721082800
2477,臺中市,曳引車,未依規定讓車,20220721084000
2478,臺中市,小客車,未依規定減速,20220721084000
2483,高雄市,機車,未注意車前狀態,20220721161000
2484,新竹縣,小客車,未依規定讓車,20220722071700
2485,新竹縣,機車,超速失控,20220722071700
2489,高雄市,小客車,未注意車前狀態,20220723031400
2493,嘉義縣,小客車,未注意車前狀態,20220724073650
2495,宜蘭縣,機車,違反號誌管制或指揮,20220724100558
2496,宜蘭縣,小客車,未依規定減速,20220724100558
2498,臺南市,機車,未注意車前狀態,20220724131459
2500,臺南市,機車,違反號誌管制或指揮,20220724134302
2502,嘉義縣,小客車,違反號誌管制或指揮,20220724181211
2505,屏東縣,小客車,未依規定讓車,20220725074300
2506,屏東縣,曳引車,未注意車前狀態,20220725074300
2508,桃園市,小貨車(含客、貨兩用),未注意車前狀態,20220725101200
2513,新竹縣,小客車,未注意車前狀態,20220725110722
2515,基隆市,曳引車,違反特定標誌(線)禁制,20220725130000
2517,屏東縣,小貨車(含客、貨兩用),未依規定讓車,20220726074800
2518,屏東縣,機車,未注意車前狀態,20220726074800
2522,臺中市,機車,未注意車前狀態,20220726113100
2523,屏東縣,小貨車(含客、貨兩用),未注意車前狀態,20220727012800
2525,臺中市,慢車,違反特定標誌(線)禁制,20220727053800
2526,臺中市,小貨車(含客、貨兩用),未注意車前狀態,20220727053800
2530,屏東縣,小客車,未注意車前狀態,20220727222400
2532,嘉義縣,機車,未注意車前狀態,20220728131224
2534,宜蘭縣,慢車,未依規定讓車,20220728183021
2535,宜蘭縣,小貨車(含客、貨兩用),未依規定減速,20220728183021
2536,桃園市,機車,酒醉(後)駕駛失控,20220728184500
2538,苗栗縣,小貨車(含客、貨兩用),未注意車前狀態,20220728210845
2541,雲林縣,機車,未依規定讓車,20220729110209
2542,雲林縣,小客車,未依規定減速,20220729110209
2543,屏東縣,機車,左轉彎未依規定,20220729140200
2544,屏東縣,機車,未注意車前狀態,20220729140200
2546,桃園市,機車,未注意車前狀態,20220729200831
2549,新北市,機車,未注意車前狀態,20220729234000
2555,彰化縣,大貨車,未依規定讓車,20220730233400
2556,彰化縣,機車,未依規定減速,20220730233400
2557,宜蘭縣,小客車,違反特定標誌(線)禁制,20220731074841
2563,苗栗縣,小客車,未注意車前狀態,20220731083225
2565,彰化縣,機車,未依規定讓車,20220731125400
2566,彰化縣,大貨車,未依規定減速,20220731125400
2567,臺中市,機車,未依規定讓車,20220801011900
2568,臺中市,機車,未依規定減速,20220801011900
2569,宜蘭縣,機車,未依規定讓車,20220801073357
2570,宜蘭縣,小客車,未依規定減速,20220801073357
2572,臺南市,機車,未依規定讓車,20220801084800
2573,臺南市,曳引車,未依規定減速,20220801084800
2574,臺南市,大貨車,違規停車或暫停不當而肇事,20220801084800
2575,臺南市,其他車,違規停車或暫停不當而肇事,20220801084800
2579,新北市,曳引車,超速失控,20220801135100
2586,花蓮縣,機車,酒醉(後)駕駛失控,20220802011900
2588,臺中市,機車,未依規定讓車,20220802055500
2589,臺中市,小貨車(含客、貨兩用),未依規定減速,20220802055500
2590,臺中市,機車,未注意車前狀態,20220802065200
2594,臺中市,機車,未依規定讓車,20220802113100
2595,臺中市,小貨車(含客、貨兩用),未依規定減速,20220802113100
2600,高雄市,機車,違反號誌管制或指揮,20220802231500
2601,高雄市,小客車,違反號誌管制或指揮,20220802231500
2602,屏東縣,機車,未注意車前狀態,20220803071448
2605,新竹縣,機車,超速失控,20220803080700
2607,新竹縣,小客車,未依規定減速,20220803092300
2609,新竹市,小貨車(含客、貨兩用),未注意車前狀態,20220803104300
2611,屏東縣,機車,未依規定讓車,20220803124300
2612,屏東縣,小貨車(含客、貨兩用),未注意車前狀態,20220803124300
2614,雲林縣,小貨車(含客、貨兩用),未注意車前狀態,20220803132749
2616,新竹市,慢車,違反號誌管制或指揮,20220804055600
2617,新竹市,小客車,未注意車前狀態,20220804055600
2618,彰化縣,機車,左轉彎未依規定,20220804061200
2619,彰化縣,小客車,未依規定減速,20220804061200
2626,桃園市,小客車,違反號誌管制或指揮,20220804194300
2629,屏東縣,曳引車,未依規定讓車,20220805025000
2630,屏東縣,機車,酒醉(後)駕駛失控,20220805025000
2633,雲林縣,機車,未注意車前狀態,20220805074500
2634,雲林縣,小客車,違規停車或暫停不當而肇事,20220805074500
2635,雲林縣,小客車,未注意車前狀態,20220805074500
2643,臺南市,機車,變換車道或方向不當,20220805152100
2644,臺南市,小客車,超速失控,20220805152100
2645,新北市,小客車,未注意車前狀態,20220805192000
2650,澎湖縣,小貨車(含客、貨兩用),未依規定讓車,20220806060900
2651,澎湖縣,機車,未注意車前狀態,20220806060900
2652,臺南市,機車,未注意車前狀態,20220806092400
2654,新北市,大貨車,違反號誌管制或指揮,20220806141000
2655,新北市,機車,違反號誌管制或指揮,20220806141000
2656,嘉義縣,小貨車(含客、貨兩用),未注意車前狀態,20220806153500
2661,嘉義縣,機車,未依規定減速,20220806155300
2665,高雄市,大貨車,變換車道或方向不當,20220806164400
2667,新竹市,機車,未注意車前狀態,20220807131300
2669,臺中市,機車,違反號誌管制或指揮,20220807134400
2670,臺中市,小客車,未注意車前狀態,20220807134400
2672,臺中市,小客車,變換車道或方向不當,20220807143500
2673,臺中市,機車,變換車道或方向不當,20220807143500
2674,臺中市,小客車,違規停車或暫停不當而肇事,20220807143500
2680,新竹縣,機車,違反特定標誌(線)禁制,20220808080500
2685,桃園市,機車,未依規定減速,20220808085323
2686,臺中市,慢車,酒醉(後)駕駛失控,20220808104300
2687,臺中市,大貨車,未注意車前狀態,20220808104300
2690,臺南市,大貨車,未依規定讓車,20220809051100
2693,高雄市,半聯結車,未注意車前狀態,20220809085900
2696,高雄市,小客車,違規停車或暫停不當而肇事,20220809085900
2697,臺中市,小貨車(含客、貨兩用),未注意車前狀態,20220809093200
2707,新北市,機車,未注意車前狀態,20220809155000
2708,臺北市,機車,超速失控,20220810163400
2716,桃園市,機車,酒醉(後)駕駛失控,20220810232300
2718,屏東縣,小客車,超速失控,20220811051548
2721,桃園市,小貨車(含客、貨兩用),未注意車前狀態,20220811111300
2724,彰化縣,機車,未注意車前狀態,20220811192200
2726,桃園市,機車,未依規定減速,20220811221000
2729,高雄市,小貨車(含客、貨兩用),違反特定標誌(線)禁制,20220811223800
2732,桃園市,小客車,未依規定讓車,20220812080100
2733,桃園市,機車,未注意車前狀態,20220812080100
2734,嘉義縣,機車,未依規定讓車,20220812133353
2735,嘉義縣,小貨車(含客、貨兩用),未注意車前狀態,20220812133353
2736,花蓮縣,慢車,左轉彎未依規定,20220812152850
2737,花蓮縣,小貨車(含客、貨兩用),未注意車前狀態,20220812152850
2738,新北市,機車,變換車道或方向不當,20220813043600
2739,新北市,機車,未注意車前狀態,20220813043600
2740,臺北市,小客車,超速失控,20220813101700
2750,嘉義縣,機車,未注意車前狀態,20220813110552
2752,臺中市,機車,未注意車前狀態,20220813183700
2753,臺中市,小貨車(含客、貨兩用),違規停車或暫停不當而肇事,20220813183700
2754,新竹市,小客車,未依規定讓車,20220813211315
2755,新竹市,慢車,未依規定減速,20220813211315
2759,屏東縣,小客車,未注意車前狀態,20220813221616
2760,屏東縣,小客車,未注意車前狀態,20220813221616
2762,臺南市,機車,未依規定讓車,20220814144815
2763,臺南市,小客車,未注意車前狀態,20220814144815
2766,彰化縣,機車,未注意車前狀態,20220814183600
2767,嘉義縣,機車,酒醉(後)駕駛失控,20220814185500
2769,雲林縣,小客車,未注意車前狀態,20220815021300
2771,澎湖縣,機車,未注意車前狀態,20220815054000
2773,新北市,大貨車,違反號誌管制或指揮,20220815150000
2778,臺中市,機車,違反特定標誌(線)禁制,20220816011700
2779,臺中市,機車,未注意車前狀態,20220816011700
2780,臺南市,機車,未注意車前狀態,20220816075500
2783,嘉義縣,機車,未注意車前狀態,20220816090358
2785,臺中市,機車,未注意車前狀態,20220816103400
2787,高雄市,機車,未依規定讓車,20220816155200
2788,高雄市,機車,未依規定減速,20220816155200
2790,桃園市,機車,違反特定標誌(線)禁制,20220817082000
2791,桃園市,曳引車,未注意車前狀態,20220817082000
2793,新竹縣,小客車,未注意車前狀態,20220817085000
2795,新竹縣,小貨車(含客、貨兩用),違規停車或暫停不當而肇事,20220817085000
2796,彰化縣,小貨車(含客、貨兩用),未注意車前狀態,20220817192400
2797,彰化縣,半聯結車,違規停車或暫停不當而肇事,20220817192400
2798,彰化縣,其他車,違規停車或暫停不當而肇事,20220817192400
2802,彰化縣,小客車,未注意車前狀態,20220817211000
2803,彰化縣,小客車,未注意車前狀態,20220817211000
2804,臺南市,半聯結車,變換車道或方向不當,20220818040038
2806,臺南市,曳引車,未注意車前狀態,20220818040038
2808,臺南市,小客車,未注意車前狀態,20220818040038
2810,雲林縣,機車,違反號誌管制或指揮,20220818152700
2815,臺東縣,機車,未依規定減速,20220818165800
2822,桃園市,機車,超速失控,20220819220200
2823,雲林縣,小客車,酒醉(後)駕駛失控,20220820003500
2826,嘉義縣,小客車,未注意車前狀態,20220820080813
2828,新竹市,機車,酒醉(後)駕駛失控,20220820091800
2829,新竹市,大貨車,未依規定減速,20220820091800
2830,屏東縣,小客車,違反特定標誌(線)禁制,20220820184910
2840,南投縣,小客車,未注意車前狀態,20220821070553
2842,臺中市,小貨車(含客、貨兩用),未注意車前狀態,20220821073600
2846,新北市,機車,違反特定標誌(線)禁制,20220821192700
2847,新北市,小客車,未注意車前狀態,20220821192700
2850,新北市,小貨車(含客、貨兩用),未注意車前狀態,20220821192700
2857,臺中市,小客車,未依規定讓車,20220822204000
2858,臺中市,機車,未注意車前狀態,20220822204000
2859,臺中市,機車,未注意車前狀態,20220822204000
2861,臺中市,機車,未注意車前狀態,20220822205700
2862,臺中市,慢車,左轉彎未依規定,20220822205700
2864,新北市,機車,違反特定標誌(線)禁制,20220823101700
2869,臺中市,機車,違反特定標誌(線)禁制,20220823210600
2872,彰化縣,小客車,未依規定讓車,20220824070600
2873,彰化縣,機車,未依規定減速,20220824070600
2875,臺中市,小客車,未注意車前狀態,20220824093100
2881,雲林縣,機車,未注意車前狀態,20220824125000
2886,彰化縣,慢車,未注意車前狀態,20220824234300
2888,苗栗縣,機車,酒醉(後)駕駛失控,20220825015423
2890,臺北市,小客車,超速失控,20220825083000
2891,臺北市,小客車,變換車道或方向不當,20220825083000
2894,桃園市,大貨車,違反號誌管制或指揮,20220825154831
2898,嘉義縣,慢車,未依規定讓車,20220825180200
2899,嘉義縣,小客車,未注意車前狀態,20220825180200
2900,高雄市,大貨車,未依規定減速,20220826093400
2903,新北市,機車,未依規定減速,20220826101800
2906,基隆市,機車,未注意車前狀態,20220827061500
2909,嘉義縣,機車,未注意車前狀態,20220827071500
2912,屏東縣,小貨車(含客、貨兩用),未注意車前狀態,20220827120000
2916,臺中市,小貨車(含客、貨兩用),未注意車前狀態,20220827153600
2917,屏東縣,小貨車(含客、貨兩用),超速失控,20220827172600
2922,花蓮縣,機車,未注意車前狀態,20220829095048
2929,嘉義縣,機車,未注意車前狀態,20220830094200
2933,臺中市,機車,變換車道或方向不當,20220830231700
2935,新北市,曳引車,違反特定標誌(線)禁制,20220831084600
2936,新北市,機車,未注意車前狀態,20220831084600
2937,新北市,機車,違反號誌管制或指揮,20220831100600
2941,彰化縣,機車,違反號誌管制或指揮,20220831124500
2942,彰化縣,小貨車(含客、貨兩用),酒醉(後)駕駛失控,20220831124500
2943,苗栗縣,慢車,未依規定讓車,20220831131500
2944,苗栗縣,小客車,未注意車前狀態,20220831131500
2947,臺南市,小客車,未注意車前狀態,20220831194125
2951,屏東縣,小貨車(含客、貨兩用),未依規定讓車,20220901085000
2952,屏東縣,機車,未注意車前狀態,20220901085000
2953,彰化縣,小客車,變換車道或方向不當,20220901100700
2954,彰化縣,機車,未注意車前狀態,20220901100700
2955,高雄市,曳引車,未依規定讓車,20220901103900
2961,彰化縣,機車,左轉彎未依規定,20220901143700
2962,彰化縣,小客車,未依規定減速,20220901143700
2964,臺南市,機車,未注意車前狀態,20220901174500
2965,臺中市,機車,未注意車前狀態,20220901234800
2967,臺北市,小客車,酒醉(後)駕駛失控,20220902034400
2970,宜蘭縣,大貨車,違反特定標誌(線)禁制,20220902051534
2975,新北市,小客車,違反號誌管制或指揮,20220902190600
2977,新北市,小客車,未注意車前狀態,20220902190600
2978,苗栗縣,小客車,未注意車前狀態,20220903045539
2980,嘉義縣,機車,未依規定讓車,20220903112000
2981,嘉義縣,小貨車(含客、貨兩用),未注意車前狀態,20220903112000
2982,新北市,機車,酒醉(後)駕駛失控,20220903173800
2984,屏東縣,慢車,酒醉(後)駕駛失控,20220903232900
2986,南投縣,機車,酒醉(後)駕駛失控,20220903233000
2988,嘉義縣,小貨車(含客、貨兩用),未注意車前狀態,20220904045700
2991,嘉義縣,小客車,未注意車前狀態,20220904045700
2994,臺南市,機車,未注意車前狀態,20220904123300
2996,嘉義縣,小客車,未注意車前狀態,20220905002700
2999,雲林縣,機車,未注意車前狀態,20220905055854
3001,新北市,大貨車,未注意車前狀態,20220905103200
3003,屏東縣,慢車,未依規定讓車,20220905114000
3005,桃園市,機車,違反特定標誌(線)禁制,20220906120416
3006,桃園市,曳引車,未注意車前狀態,20220906120416
3011,彰化縣,機車,未依規定讓車,20220907112800
3012,彰化縣,小客車,未依規定減速,20220907112800
3014,花蓮縣,小客車,未依規定讓車,20220907123309
3015,花蓮縣,小客車,未注意車前狀態,20220907123309
3017,高雄市,機車,左轉彎未依規定,20220907145500
3023,屏東縣,機車,未注意車前狀態,20220908054200
3025,桃園市,機車,左轉彎未依規定,20220908064700
3027,彰化縣,小貨車(含客、貨兩用),未依規定減速,20220908103900
3028,桃園市,機車,變換車道或方向不當,20220908111800
3029,桃園市,機車,未注意車前狀態,20220908111800
3032,桃園市,機車,未注意車前狀態,20220908124300
3035,新北市,機車,未依規定減速,20220908161800
3038,屏東縣,機車,未注意車前狀態,20220908181000
3039,雲林縣,小貨車(含客、貨兩用),違反號誌管制或指揮,20220908195200
3040,雲林縣,機車,違反號誌管制或指揮,20220908195200
3042,宜蘭縣,機車,超速失控,20220908220023
3043,嘉義縣,機車,未依規定減速,20220909080400
3046,臺中市,小客車,違反號誌管制或指揮,20220909122900
3048,苗栗縣,小客車,未依規定減速,20220909132009
3052,臺中市,機車,違反號誌管制或指揮,20220909132900
3055,嘉義縣,機車,酒醉(後)駕駛失控,20220909194900
3057,新竹縣,小客車,未注意車前狀態,20220909220000
3060,桃園市,小客車,未注意車前狀態,20220910155200
3062,桃園市,小客車,超速失控,20220910214900
3063,臺中市,機車,酒醉(後)駕駛失控,20220911003700
3066,臺南市,機車,未注意車前狀態,20220911100353
3068,臺東縣,小客車,未注意車前狀態,20220911130400
3071,新竹縣,機車,未注意車前狀態,20220911212500
3073,臺南市,慢車,酒醉(後)駕駛失控,20220911220519
3075,臺中市,小客車,未注意車前狀態,20220911231000
3077,雲林縣,小客車,未注意車前狀態,20220912030333
3079,臺中市,半聯結車,未依規定讓車,20220912062600
3080,臺中市,機車,未依規定減速,20220912062600
3081,臺中市,機車,酒醉(後)駕駛失控,20220912102800
3083,桃園市,機車,未注意車前狀態,20220912125200
3084,桃園市,大貨車,違規停車或暫停不當而肇事,20220912125200
3085,臺中市,半聯結車,未依規定讓車,20220912144200
3086,臺中市,小貨車(含客、貨兩用),未依規定減速,20220912144200
3090,桃園市,小客車,超速失控,20220912203406
3094,臺中市,小客車,未依規定讓車,20220912231000
3095,臺中市,機車,未注意車前狀態,20220912231000
3096,臺東縣,大客車,未注意車前狀態,20220913073500
3103,臺北市,小客車,未依規定讓車,20220913085100
3105,屏東縣,機車,未注意車前狀態,20220913124330
3109,苗栗縣,小客車,左轉彎未依規定,20220913180825
3110,苗栗縣,機車,未注意車前狀態,20220913180825
3112,雲林縣,小客車,未注意車前狀態,20220913183246
3114,雲林縣,小客車,未注意車前狀態,20220913183246
3115,雲林縣,小客車,未注意車前狀態,20220913183246
3116,雲林縣,小客車,未注意車前狀態,20220913183246
3119,新竹縣,機車,未注意車前狀態,20220914000300
3120,新北市,小客車,超速失控,20220914013000
3123,基隆市,機車,未注意車前狀態,20220914044400
3124,基隆市,曳引車,違規停車或暫停不當而肇事,20220914044400
3125,桃園市,小客車,未依規定讓車,20220914064000
3126,桃園市,機車,未注意車前狀態,20220914064000
3130,臺北市,小客車,未注意車前狀態,20220914071400
3132,屏東縣,小貨車(含客、貨兩用),違反號誌管制或指揮,20220914072200
3136,彰化縣,機車,違反號誌管制或指揮,20220914073800
3138,臺北市,機車,變換車道或方向不當,20220914080300
3140,澎湖縣,小客車,未注意車前狀態,20220914154500
3146,彰化縣,小貨車(含客、貨兩用),未注意車前狀態,20220915130400
3148,雲林縣,慢車,未注意車前狀態,20220915162000
3153,桃園市,機車,違反號誌管制或指揮,20220915195324
3157,嘉義縣,機車,未注意車前狀態,20220915233900
3160,雲林縣,大貨車,未注意車前狀態,20220916042058
3165,嘉義縣,慢車,未注意車前狀態,20220916093000
3167,臺中市,曳引車,未依規定讓車,20220916110500
3168,臺中市,慢車,未注意車前狀態,20220916110500
3169,桃園市,機車,未注意車前狀態,20220916142000
3174,臺南市,小客車,未注意車前狀態,20220917001000
3181,臺中市,慢車,酒醉(後)駕駛失控,20220917053100
3183,新竹縣,機車,超速失控,20220917061500
3185,桃園市,小客車,未注意車前狀態,20220917075900
3187,彰化縣,慢車,違反特定標誌(線)禁制,20220917111500
3189,臺北市,大貨車,變換車道或方向不當,20220917123600
3194,新北市,小貨車(含客、貨兩用),未注意車前狀態,20220918010700
3197,彰化縣,機車,未注意車前狀態,20220918061000
3200,臺南市,機車,未注意車前狀態,20220918150900
3202,臺中市,機車,未注意車前狀態,20220918180200
3204,雲林縣,機車,未注意車前狀態,20220919004000
3212,臺東縣,機車,未注意車前狀態,20220920150500
3215,苗栗縣,機車,違規停車或暫停不當而肇事,20220920160951
3216,苗栗縣,小客車,未注意車前狀態,20220920160951
3218,新北市,機車,未注意車前狀態,20220920172000
3220,新竹縣,機車,酒醉(後)駕駛失控,20220920184957
3223,新竹縣,小客車,未注意車前狀態,20220920191400
3224,新北市,機車,未依規定減速,20220921071300
3226,高雄市,慢車,左轉彎未依規定,20220921072700
3227,高雄市,機車,未依規定減速,20220921072700
3228,宜蘭縣,機車,未注意車前狀態,20220921090000
3229,宜蘭縣,小客車,未注意車前狀態,20220921090000
3233,屏東縣,機車,未注意車前狀態,20220921191000
3237,桃園市,機車,違反號誌管制或指揮,20220922070100
3240,桃園市,機車,未依規定讓車,20220922092700
3241,桃園市,大貨車,未依規定減速,20220922092700
3245,新竹市,小貨車(含客、貨兩用),未注意車前狀態,20220922131800
3246,花蓮縣,機車,左轉彎未依規定,20220922142900
3247,花蓮縣,小客車,未依規定減速,20220922142900
3249,彰化縣,機車,未注意車前狀態,20220922174000
3251,桃園市,機車,未注意車前狀態,20220922182100
3252,臺中市,小客車,未依規定讓車,20220922205200
3253,臺中市,機車,未注意車前狀態,20220922205200
3254,新北市,小客車,未注意車前狀態,20220923022700
3257,臺南市,小貨車(含客、貨兩用),未注意車前狀態,20220923090400
3258,臺南市,機車,左轉彎未依規定,20220923090400
3260,桃園市,小貨車(含客、貨兩用),未依規定讓車,20220923132053
3261,桃園市,機車,違反特定標誌(線)禁制,20220923132053
3262,桃園市,小客車,違反號誌管制或指揮,20220923134203
3264,彰化縣,機車,酒醉(後)駕駛失控,20220923174800
3273,臺中市,機車,未注意車前狀態,20220924093700
3278,彰化縣,機車,未依規定讓車,20220924140800
3279,彰化縣,曳引車,未依規定減速,20220924140800
3283,高雄市,機車,未依規定讓車,20220924170800
3284,高雄市,機車,未注意車前狀態,20220924170800
3294,苗栗縣,機車,超速失控,20220925124900
3296,新竹縣,機車,超速失控,20220925140800
3299,花蓮縣,機車,未注意車前狀態,20220925142435
3302,嘉義縣,小貨車(含客、貨兩用),未注意車前狀態,20220925165300
3307,桃園市,小客車,未注意車前狀態,20220925181400
3309,南投縣,機車,左轉彎未依規定,20220925184248
3310,南投縣,小客車,未注意車前狀態,20220925184248
3313,新北市,小客車,酒醉(後)駕駛失控,20220926045000
3314,新北市,機車,未注意車前狀態,20220926045000
3316,新北市,小客車,未注意車前狀態,20220926080600
3320,高雄市,機車,未注意車前狀態,20220926093300
3328,嘉義縣,機車,未注意車前狀態,20220926101911
3329,花蓮縣,機車,未注意車前狀態,20220926102600
3331,新竹縣,曳引車,未注意車前狀態,20220926144934
3333,花蓮縣,機車,酒醉(後)駕駛失控,20220926224000
3340,花蓮縣,小客車,未注意車前狀態,20220927182400
3344,高雄市,小客車,違反號誌管制或指揮,20220927223000
3347,高雄市,機車,酒醉(後)駕駛失控,20220928022800
3349,雲林縣,慢車,未依規定讓車,20220928084900
3350,雲林縣,小貨車(含客、貨兩用),未注意車前狀態,20220928084900
3351,臺中市,小貨車(含客、貨兩用),未依規定讓車,20220928152900
3352,臺中市,機車,未注意車前狀態,20220928152900
3353,新竹縣,小客車,未依規定讓車,20220928174200
3354,新竹縣,機車,未依規定減速,20220928174200
3358,臺中市,機車,未依規定讓車,20220929081100
3359,臺中市,小客車,未注意車前狀態,20220929081100
3364,臺東縣,小貨車(含客、貨兩用),變換車道或方向不當,20220929111500
3366,新北市,大貨車,違反號誌管制或指揮,20220929113100
3368,彰化縣,小客車,未依規定讓車,20220929171600
3369,彰化縣,機車,未注意車前狀態,20220929171600
3370,彰化縣,機車,未注意車前狀態,20220929171600
3371,臺中市,小貨車(含客、貨兩用),未依規定讓車,20220929184900
3373,屏東縣,小貨車(含客、貨兩用),酒醉(後)駕駛失控,20220929212700
3380,苗栗縣,機車,酒醉(後)駕駛失控,20220930013437
3382,彰化縣,小客車,未注意車前狀態,20220930023000
3386,雲林縣,大客車,未依規定讓車,20220930064000
3387,雲林縣,機車,未注意車前狀態,20220930064000
3388,新北市,機車,未依規定減速,20220930095800
3390,臺中市,小客車,違反特定標誌(線)禁制,20220930110300
3392,南投縣,機車,酒醉(後)駕駛失控,20220930124845
3394,臺中市,小客車,未依規定讓車,20220930140800
3395,臺中市,小客車,未依規定減速,20220930140800
3399,嘉義縣,機車,未注意車前狀態,20220930152445
3402,臺北市,小客車,未注意車前狀態,20220930181000
3403,雲林縣,小客車,未注意車前狀態,20220930194251
3410,彰化縣,機車,酒醉(後)駕駛失控,20221001043800
3411,彰化縣,小貨車(含客、貨兩用),違反特定標誌(線)禁制,20221001043800
3412,宜蘭縣,機車,酒醉(後)駕駛失控,20221001080101
3413,宜蘭縣,小客車,未注意車前狀態,20221001080101
3416,臺北市,曳引車,未依規定讓車,20221001130800
3418,臺中市,小客車,未注意車前狀態,20221001141000
3431,新竹縣,機車,酒醉(後)駕駛失控,20221001181000
3433,桃園市,機車,違反特定標誌(線)禁制,20221002034622
3435,新北市,機車,未注意車前狀態,20221002072600
3437,苗栗縣,機車,左轉彎未依規定,20221002080043
3438,苗栗縣,小貨車(含客、貨兩用),未注意車前狀態,20221002080043
3439,桃園市,機車,違反號誌管制或指揮,20221002084900
3445,雲林縣,小貨車(含客、貨兩用),未注意車前狀態,20221003094800
3448,臺北市,機車,超速失控,20221003161800
3449,彰化縣,小客車,未依規定讓車,20221003175300
3450,彰化縣,機車,未注意車前狀態,20221003175300
3451,基隆市,機車,未注意車前狀態,20221003193300
3453,臺南市,機車,未注意車前狀態,20221003200500
3459,高雄市,小客車,未注意車前狀態,20221005140800
3460,高雄市,機車,違反特定標誌(線)禁制,20221005140800
3461,新北市,機車,未注意車前狀態,20221005170500
3463,桃園市,機車,違反號誌管制或指揮,20221005182500
3465,苗栗縣,機車,酒醉(後)駕駛失控,20221005231000
3468,桃園市,小客車,未依規定讓車,20221005231700
3470,高雄市,機車,未注意車前狀態,20221006030000
3473,新竹縣,小客車,未注意車前狀態,20221006135400
3475,高雄市,小客車,未依規定讓車,20221006185000
3476,高雄市,機車,酒醉(後)駕駛失控,20221006185000
3480,苗栗縣,機車,酒醉(後)駕駛失控,20221007021209
3482,新北市,小客車,未注意車前狀態,20221007075500
3487,屏東縣,小客車,未注意車前狀態,20221007194700
3488,高雄市,小客車,違反號誌管制或指揮,20221008063000
3490,高雄市,機車,未注意車前狀態,20221008130800
3492,高雄市,機車,未依規定讓車,20221008143300
3493,高雄市,機車,未依規定減速,20221008143300
3497,臺南市,機車,違反號誌管制或指揮,20221008161934
3499,高雄市,機車,未注意車前狀態,20221009025000
3503,南投縣,機車,違反特定標誌(線)禁制,20221009133400
3506,臺中市,機車,未依規定讓車,20221009162700
3507,臺中市,小客車,未依規定減速,20221009162700
3509,高雄市,機車,未依規定讓車,20221009171200
3510,高雄市,機車,未依規定減速,20221009171200
3513,苗栗縣,慢車,違反號誌管制或指揮,20221010013505
3515,高雄市,小客車,未注意車前狀態,20221010015600
3519,雲林縣,機車,違反號誌管制或指揮,20221010122543
3522,彰化縣,機車,未注意車前狀態,20221010180700
3523,高雄市,機車,未依規定讓車,20221011081100
3524,高雄市,機車,未依規定減速,20221011081100
3525,高雄市,小客車,未依規定讓車,20221011160200
3526,高雄市,機車,未依規定減速,20221011160200
3529,屏東縣,機車,酒醉(後)駕駛失控,20221012020532
3532,臺東縣,機車,未注意車前狀態,20221012051800
3536,新北市,機車,未注意車前狀態,20221012084700
3539,臺中市,機車,變換車道或方向不當,20221012153200
3540,臺中市,大客車,未注意車前狀態,20221012153200
3542,臺東縣,小貨車(含客、貨兩用),未注意車前狀態,20221012181915
3543,桃園市,機車,未注意車前狀態,20221012185800
3545,新北市,小客車,未依規定讓車,20221012192300
3546,新北市,機車,未注意車前狀態,20221012192300
3548,雲林縣,小客車,未注意車前狀態,20221013054400
3550,臺北市,大客車,違反號誌管制或指揮,20221013055200
3552,新竹市,機車,未注意車前狀態,20221013064300
3553,新竹市,小貨車(含客、貨兩用),違規停車或暫停不當而肇事,20221013064300
3559,雲林縣,小客車,未注意車前狀態,20221013180000
3561,南投縣,機車,未注意車前狀態,20221013185900
3563,彰化縣,機車,未注意車前狀態,20221013221400
3565,臺南市,機車,未依規定讓車,20221014070800
3566,臺南市,機車,未依規定減速,20221014070800
3567,嘉義縣,機車,未依規定減速,20221014110300
3575,新北市,大貨車,未注意車前狀態,20221014152000
3577,桃園市,小客車,違反特定標誌(線)禁制,20221014230600
3579,花蓮縣,機車,酒醉(後)駕駛失控,20221014235800
3580,花蓮縣,小客車,未注意車前狀態,20221014235800
3582,南投縣,機車,酒醉(後)駕駛失控,20221015235339
3585,高雄市,機車,未注意車前狀態,20221016062300
3588,彰化縣,小客車,未依規定讓車,20221017051500
3589,彰化縣,機車,未注意車前狀態,20221017051500
3590,嘉義縣,小客車,未注意車前狀態,20221017073600
3596,屏東縣,機車,未注意車前狀態,20221017140900
3598,雲林縣,慢車,違反特定標誌(線)禁制,20221017192300
3599,雲林縣,小客車,超速失控,20221017192300
3604,屏東縣,機車,未注意車前狀態,20221018080010
3609,苗栗縣,小客車,未注意車前狀態,20221018232110
3611,高雄市,機車,違反號誌管制或指揮,20221019143900
3613,高雄市,機車,未注意車前狀態,20221019163300
3616,臺中市,機車,未注意車前狀態,20221019163600
3618,桃園市,小客車,未依規定讓車,20221019225317
3619,桃園市,機車,未注意車前狀態,20221019225317
3621,宜蘭縣,機車,變換車道或方向不當,20221020102234
3622,宜蘭縣,大貨車,未注意車前狀態,20221020102234
3623,宜蘭縣,小客車,違規停車或暫停不當而肇事,20221020102234
3624,桃園市,大貨車,未注意車前狀態,20221020220500
3629,雲林縣,機車,未依規定減速,20221020222152
3630,雲林縣,大貨車,未依規定減速,20221020222152
3632,新竹縣,小客車,酒醉(後)駕駛失控,20221020232633
3635,臺南市,機車,未注意車前狀態,20221021060753
3638,臺中市,機車,未注意車前狀態,20221021103500
3640,高雄市,曳引車,未依規定讓車,20221021104200
3642,臺中市,機車,未注意車前狀態,20221021131600
3644,臺中市,小貨車(含客、貨兩用),違反特定標誌(線)禁制,20221021165500
3648,新北市,小貨車(含客、貨兩用),未依規定讓車,20221022001400
3649,新北市,機車,未注意車前狀態,20221022001400
3650,新北市,小客車,未注意車前狀態,20221022054200
3652,彰化縣,曳引車,未依規定讓車,20221022080800
3654,臺南市,小客車,未依規定讓車,20221022102029
3655,臺南市,機車,未依規定減速,20221022102029
3656,桃園市,慢車,左轉彎未依規定,20221022103935
3657,桃園市,機車,未注意車前狀態,20221022103935
3661,新竹縣,小客車,未注意車前狀態,20221022220718
3662,臺北市,小客車,未依規定讓車,20221023003500
3663,臺北市,小客車,超速失控,20221023003500
3666,高雄市,機車,未注意車前狀態,20221023080000
3669,高雄市,機車,未注意車前狀態,20221023082500
3671,屏東縣,機車,未注意車前狀態,20221023190800
3673,嘉義縣,小客車,未注意車前狀態,20221023195000
3674,高雄市,機車,未注意車前狀態,20221023200000
3680,桃園市,機車,左轉彎未依規定,20221024085500
3681,桃園市,小客車,未注意車前狀態,20221024085500
3682,新北市,曳引車,未注意車前狀態,20221024151900
3684,新竹縣,小客車,違反特定標誌(線)禁制,20221024202800
3686,臺東縣,機車,酒醉(後)駕駛失控,20221025063400
3688,新北市,機車,未注意車前狀態,20221025073900
3691,新竹縣,機車,違反特定標誌(線)禁制,20221025091121
3692,新竹縣,小貨車(含客、貨兩用),超速失控,20221025091121
3693,臺東縣,小客車,未依規定讓車,20221025103900
3694,臺東縣,機車,未依規定減速,20221025103900
3695,臺北市,機車,未注意車前狀態,20221025170600
3697,嘉義縣,小客車,未依規定讓車,20221025183500
3698,嘉義縣,小貨車(含客、貨兩用),未注意車前狀態,20221025183500
3702,新北市,機車,超速失控,20221025200700
3703,新北市,小客車,違規停車或暫停不當而肇事,20221025200700
3704,臺南市,機車,未注意車前狀態,20221026035701
3706,新竹縣,機車,未注意車前狀態,20221026063000
3708,高雄市,小貨車(含客、貨兩用),未注意車前狀態,20221026100700
3710,彰化縣,機車,未依規定讓車,20221026112500
3711,彰化縣,機車,未依規定減速,20221026112500
3713,嘉義縣,機車,未依規定讓車,20221026113147
3714,嘉義縣,小貨車(含客、貨兩用),未注意車前狀態,20221026113147
3715,高雄市,機車,左轉彎未依規定,20221026160100
3716,高雄市,機車,未注意車前狀態,20221026160100
3718,臺中市,小客車,違反特定標誌(線)禁制,20221026171200
3721,新竹市,慢車,未注意車前狀態,20221027074900
3723,新北市,小貨車(含客、貨兩用),未注意車前狀態,20221027090600
3724,苗栗縣,機車,未注意車前狀態,20221027175211
3729,桃園市,小客車,未注意車前狀態,20221028013000
3730,桃園市,小客車,未注意車前狀態,20221028013000
3731,桃園市,小客車,未注意車前狀態,20221028013000
3732,桃園市,小客車,未注意車前狀態,20221028013000
3736,臺北市,機車,違反號誌管制或指揮,20221028015800
3740,高雄市,機車,未注意車前狀態,20221028074200
3741,臺南市,小客車,未注意車前狀態,20221028121800
3744,雲林縣,小客車,未依規定讓車,20221028143159
3746,臺北市,機車,未注意車前狀態,20221028221800
3748,臺中市,機車,酒醉(後)駕駛失控,20221029041200
3750,臺南市,機車,違反號誌管制或指揮,20221029092500
3752,彰化縣,小客車,左轉彎未依規定,20221029210700
3753,彰化縣,機車,未依規定減速,20221029210700
3756,新北市,機車,違反特定標誌(線)禁制,20221031003800
3757,新北市,機車,未注意車前狀態,20221031003800
3762,花蓮縣,小客車,酒醉(後)駕駛失控,20221031121037
3764,澎湖縣,小貨車(含客、貨兩用),酒醉(後)駕駛失控,20221031140300
3766,臺南市,機車,違反號誌管制或指揮,20221031154800
3768,臺南市,機車,未注意車前狀態,20221031173500
3770,雲林縣,其他車,違反號誌管制或指揮,20221031175400
3772,雲林縣,機車,未注意車前狀態,20221031175400
3773,臺南市,機車,未注意車前狀態,20221031175700
3774,臺南市,曳引車,違規停車或暫停不當而肇事,20221031175700
3775,臺南市,機車,未注意車前狀態,20221031175700
3777,臺北市,小客車,未注意車前狀態,20221101055200
3779,高雄市,小貨車(含客、貨兩用),違反號誌管制或指揮,20221101064800
3781,臺中市,機車,違反號誌管制或指揮,20221101083400
3783,臺南市,小客車,未注意車前狀態,20221101101713
3786,新北市,小客車,違反號誌管制或指揮,20221101123100
3789,高雄市,曳引車,未依規定讓車,20221101153300
3791,臺中市,機車,未依規定讓車,20221101172000
3792,臺中市,小貨車(含客、貨兩用),未注意車前狀態,20221101172000
3794,臺南市,機車,未注意車前狀態,20221101173228
3795,臺北市,小客車,酒醉(後)駕駛失控,20221101210200
3797,屏東縣,慢車,酒醉(後)駕駛失控,20221102112500
3799,澎湖縣,小貨車(含客、貨兩用),未依規定讓車,20221102174000
3800,澎湖縣,機車,未注意車前狀態,20221102174000
3802,嘉義縣,小貨車(含客、貨兩用),未注意車前狀態,20221102174349
3804,臺中市,機車,未注意車前狀態,20221103125000
3805,臺中市,大貨車,違規停車或暫停不當而肇事,20221103125000
3808,屏東縣,小客車,酒醉(後)駕駛失控,20221103171539
3809,屏東縣,機車,未注意車前狀態,20221103171539
3811,桃園市,機車,未注意車前狀態,20221103175800
3812,桃園市,小貨車(含客、貨兩用),違規停車或暫停不當而肇事,20221103175800
3814,澎湖縣,小客車,酒醉(後)駕駛失控,20221103224000
3818,宜蘭縣,小貨車(含客、貨兩用),未依規定讓車,20221104073858
3819,宜蘭縣,機車,未注意車前狀態,20221104073858
3820,桃園市,大貨車,違反特定標誌(線)禁制,20221104094959
3822,雲林縣,小客車,未依規定讓車,20221104104500
3823,雲林縣,機車,未依規定減速,20221104104500
3824,高雄市,機車,未注意車前狀態,20221105071500
3830,臺東縣,小客車,未注意車前狀態,20221105181000
3831,屏東縣,機車,左轉彎未依規定,20221105195000
3832,屏東縣,小客車,未注意車前狀態,20221105195000
3833,新竹縣,大貨車,未注意車前狀態,20221106015000
3837,臺中市,機車,違反特定標誌(線)禁制,20221106083600
3839,臺東縣,小貨車(含客、貨兩用),酒醉(後)駕駛失控,20221106191400
3844,桃園市,小客車,未注意車前狀態,20221106222500
3845,高雄市,小客車,違反號誌管制或指揮,20221107073800
3847,彰化縣,機車,未依規定讓車,20221107105400
3848,彰化縣,小貨車(含客、貨兩用),未依規定減速,20221107105400
3852,桃園市,大貨車,變換車道或方向不當,20221107142000
3853,桃園市,機車,變換車道或方向不當,20221107142000
3854,桃園市,小客車,變換車道或方向不當,20221107142000
3855,桃園市,機車,未依規定讓車,20221108083100
3856,桃園市,小客車,未注意車前狀態,20221108083100
3861,臺中市,機車,未注意車前狀態,20221108091100
3862,臺中市,大貨車,違規停車或暫停不當而肇事,20221108091100
3864,宜蘭縣,小客車,超速失控,20221108092500
3866,桃園市,曳引車,違反號誌管制或指揮,20221108115500
3868,屏東縣,機車,左轉彎未依規定,20221108174557
3869,屏東縣,小貨車(含客、貨兩用),未注意車前狀態,20221108174557
3871,臺南市,曳引車,未依規定讓車,20221108183000
3872,臺南市,機車,未注意車前狀態,20221108183000
3873,桃園市,小客車,未注意車前狀態,20221108190200
3875,花蓮縣,機車,未注意車前狀態,20221109020209
3879,彰化縣,機車,未注意車前狀態,20221109075300
3885,臺南市,小貨車(含客、貨兩用),未注意車前狀態,20221109153102
3887,臺東縣,小客車,未注意車前狀態,20221109184400
3889,新北市,機車,違反號誌管制或指揮,20221110082500
3891,彰化縣,機車,未注意車前狀態,20221110094200
3901,高雄市,慢車,左轉彎未依規定,20221111174700
3905,苗栗縣,機車,未注意車前狀態,20221111231000
3908,彰化縣,機車,酒醉(後)駕駛失控,20221112010100
3910,桃園市,小客車,未注意車前狀態,20221112015500
3915,臺南市,小客車,未依規定讓車,20221112101449
3916,臺南市,機車,未注意車前狀態,20221112101449
3919,桃園市,機車,酒醉(後)駕駛失控,20221112134400
3920,桃園市,半聯結車,未注意車前狀態,20221112134400
3923,宜蘭縣,小客車,未注意車前狀態,20221112194517
3927,臺南市,機車,未注意車前狀態,20221113225700
3929,宜蘭縣,小客車,酒醉(後)駕駛失控,20221113234548
3931,新北市,機車,酒醉(後)駕駛失控,20221114023500
3935,臺北市,小客車,酒醉(後)駕駛失控,20221114042700
3939,桃園市,機車,未注意車前狀態,20221114051100
3941,雲林縣,機車,未注意車前狀態,20221114082600
3943,新北市,大貨車,違反號誌管制或指揮,20221114141400
3945,臺北市,小客車,未注意車前狀態,20221115075700
3948,桃園市,機車,違反特定標誌(線)禁制,20221115084200
3950,屏東縣,機車,左轉彎未依規定,20221115115800
3951,屏東縣,曳引車,未注意車前狀態,20221115115800
3952,臺南市,小客車,違反號誌管制或指揮,20221115151958
3953,臺南市,機車,違反號誌管制或指揮,20221115151958
3955,屏東縣,小客車,未注意車前狀態,20221115152100
3956,臺中市,機車,違反號誌管制或指揮,20221116002000
3957,臺中市,小客車,超速失控,20221116002000
3959,雲林縣,小貨車(含客、貨兩用),未注意車前狀態,20221116005803
3961,桃園市,機車,未注意車前狀態,20221116060500
3962,桃園市,曳引車,違規停車或暫停不當而肇事,20221116060500
3963,宜蘭縣,小貨車(含客、貨兩用),未注意車前狀態,20221116074308
3965,彰化縣,機車,左轉彎未依規定,20221116075000
3966,彰化縣,小客車,未注意車前狀態,20221116075000
3976,屏東縣,機車,未注意車前狀態,20221117051900
3977,屏東縣,小客車,未注意車前狀態,20221117051900
3978,屏東縣,小客車,未注意車前狀態,20221117051900
3979,彰化縣,慢車,左轉彎未依規定,20221117070800
3980,彰化縣,小客車,未注意車前狀態,20221117070800
3983,南投縣,機車,違反號誌管制或指揮,20221117153109
3988,臺中市,小客車,違規停車或暫停不當而肇事,20221117160200
3989,臺中市,小貨車(含客、貨兩用),違規停車或暫停不當而肇事,20221117160200
3995,新竹縣,小貨車(含客、貨兩用),未注意車前狀態,20221118064822
3996,臺南市,大貨車,未注意車前狀態,20221118174500
3998,高雄市,小客車,酒醉(後)駕駛失控,20221118185100
4000,臺中市,機車,未注意車前狀態,20221118235800
4003,彰化縣,機車,未注意車前狀態,20221120014700
4004,彰化縣,小貨車(含客、貨兩用),違規停車或暫停不當而肇事,20221120014700
4005,新北市,機車,變換車道或方向不當,20221120072800
4006,新北市,機車,未注意車前狀態,20221120072800
4007,臺東縣,機車,未依規定讓車,20221121072500
4008,臺東縣,機車,未依規定減速,20221121072500
4010,臺南市,機車,未依規定讓車,20221121074046
4011,臺南市,小客車,未依規定減速,20221121074046
4014,新竹縣,機車,超速失控,20221121074300
4017,新北市,慢車,未依規定讓車,20221121151300
4018,新北市,機車,超速失控,20221121151300
4019,臺南市,小客車,未依規定讓車,20221121212504
4020,臺南市,機車,未注意車前狀態,20221121212504
4021,臺中市,慢車,違反特定標誌(線)禁制,20221121222200
4026,新北市,機車,超速失控,20221121230000
4029,桃園市,小客車,酒醉(後)駕駛失控,20221122023123
4034,新北市,小客車,未注意車前狀態,20221122054500
4036,臺中市,機車,未依規定讓車,20221122092800
4037,臺中市,曳引車,未注意車前狀態,20221122092800
4038,臺中市,機車,未注意車前狀態,20221122154500
4040,彰化縣,機車,未注意車前狀態,20221122230100
4042,臺中市,機車,未注意車前狀態,20221123011400
4045,雲林縣,大貨車,未依規定讓車,20221123092801
4046,雲林縣,機車,未依規定減速,20221123092801
4048,臺南市,機車,未依規定讓車,20221123111200
4049,臺南市,小貨車(含客、貨兩用),未依規定減速,20221123111200
4051,雲林縣,小貨車(含客、貨兩用),未注意車前狀態,20221123150158
4057,臺中市,小客車,未注意車前狀態,20221123201700
4064,臺中市,慢車,左轉彎未依規定,20221125120200
4065,臺中市,小貨車(含客、貨兩用),未注意車前狀態,20221125120200
4067,基隆市,小貨車(含客、貨兩用),未注意車前狀態,20221125170500
4068,嘉義市,小客車,未注意車前狀態,20221125214400
4069,嘉義市,慢車,違反特定標誌(線)禁制,20221125214400
4070,屏東縣,機車,違反號誌管制或指揮,20221125220601
4073,臺南市,小貨車(含客、貨兩用),未注意車前狀態,20221126054827
4082,臺南市,機車,未注意車前狀態,20221126112320
4084,桃園市,小貨車(含客、貨兩用),違反號誌管制或指揮,20221126153624
4085,桃園市,機車,違反號誌管制或指揮,20221126153624
4086,彰化縣,小客車,未注意車前狀態,20221126194600
4088,彰化縣,小客車,違反號誌管制或指揮,20221126231900
4089,彰化縣,機車,酒醉(後)駕駛失控,20221126231900
4090,高雄市,機車,未注意車前狀態,20221127014700
4091,高雄市,慢車,酒醉(後)駕駛失控,20221127014700
4094,臺北市,機車,未注意車前狀態,20221127032500
4095,臺北市,小客車,未注意車前狀態,20221127061000
4097,桃園市,大貨車,違反號誌管制或指揮,20221127155200
4099,雲林縣,小客車,未依規定讓車,20221127200100
4100,雲林縣,機車,未注意車前狀態,20221127200100
4101,臺南市,小客車,未注意車前狀態,20221128065337
4103,雲林縣,小客車,違反號誌管制或指揮,20221128084446
4106,臺南市,機車,未注意車前狀態,20221128120200
4108,臺南市,機車,未依規定讓車,20221128143715
4109,臺南市,小客車,未依規定減速,20221128143715
4112,南投縣,小客車,未注意車前狀態,20221128173514
4117,花蓮縣,小客車,未注意車前狀態,20221129083500
4125,臺南市,小貨車(含客、貨兩用),未注意車前狀態,20221129203602
4127,臺中市,機車,未注意車前狀態,20221129210000
4128,臺南市,小客車,違反號誌管制或指揮,20221130062800
4130,彰化縣,小客車,未注意車前狀態,20221130071400
4140,高雄市,小客車,未注意車前狀態,20221130165900
4144,彰化縣,小客車,違規停車或暫停不當而肇事,20221130173800
4146,南投縣,小貨車(含客、貨兩用),未注意車前狀態,20221201172000
4147,南投縣,機車,違反特定標誌(線)禁制,20221201172000
4148,南投縣,小客車,違規停車或暫停不當而肇事,20221201172000
4150,桃園市,小客車,未注意車前狀態,20221202055050
4152,屏東縣,機車,未注意車前狀態,20221202134600
4153,高雄市,機車,未依規定讓車,20221202161000
4154,高雄市,機車,未依規定減速,20221202161000
4156,屏東縣,小貨車(含客、貨兩用),未注意車前狀態,20221202173500
4160,桃園市,小客車,未注意車前狀態,20221202174548
4161,屏東縣,機車,酒醉(後)駕駛失控,20221202223000
4163,苗栗縣,機車,酒醉(後)駕駛失控,20221202231445
4164,苗栗縣,小客車,未注意車前狀態,20221202231445
4165,屏東縣,小客車,未依規定讓車,20221203095800
4166,屏東縣,機車,未注意車前狀態,20221203095800
4168,臺北市,小客車,未依規定讓車,20221203103700
4170,臺南市,小客車,未依規定讓車,20221203110500
4171,臺南市,機車,未依規定減速,20221203110500
4173,新北市,機車,未注意車前狀態,20221203203100
4175,新北市,小貨車(含客、貨兩用),違規停車或暫停不當而肇事,20221203203100
4186,基隆市,半聯結車,未依規定減速,20221204155800
4194,雲林縣,小客車,未注意車前狀態,20221205132501
4196,臺南市,小客車,違反號誌管制或指揮,20221205145943
4198,屏東縣,半聯結車,未注意車前狀態,20221205194500
4199,屏東縣,機車,未注意車前狀態,20221205194500
4207,桃園市,大客車,未依規定讓車,20221206154344
4208,桃園市,機車,違反特定標誌(線)禁制,20221206154344
4209,臺北市,機車,未注意車前狀態,20221206184000
4211,臺中市,小客車,違反號誌管制或指揮,20221206213000
4212,臺中市,機車,違反號誌管制或指揮,20221206213000
4213,臺中市,半聯結車,未注意車前狀態,20221206224200
4215,臺中市,半聯結車,未注意車前狀態,20221206224200
4216,臺中市,機車,違反號誌管制或指揮,20221207040300
4218,嘉義縣,機車,變換車道或方向不當,20221207081000
4220,新竹縣,機車,酒醉(後)駕駛失控,20221207193000
4222,臺中市,小客車,酒醉(後)駕駛失控,20221207224900
4226,臺南市,小貨車(含客、貨兩用),違反號誌管制或指揮,20221208101533
4232,新竹市,機車,未注意車前狀態,20221208181000
4234,高雄市,機車,未依規定讓車,20221208184400
4235,高雄市,機車,未注意車前狀態,20221208184400
4240,屏東縣,小客車,未注意車前狀態,20221208190000
4241,桃園市,機車,酒醉(後)駕駛失控,20221208191100
4244,宜蘭縣,機車,未依規定讓車,20221208210700
4245,宜蘭縣,機車,未依規定減速,20221208210700
4246,桃園市,機車,違反特定標誌(線)禁制,20221209044700
4247,桃園市,小貨車(含客、貨兩用),違規停車或暫停不當而肇事,20221209044700
4248,高雄市,機車,違反號誌管制或指揮,20221209075800
4254,臺南市,機車,違反號誌管制或指揮,20221209125534
4258,宜蘭縣,機車,未注意車前狀態,20221209211000
4259,宜蘭縣,小貨車(含客、貨兩用),未注意車前狀態,20221209211000
4260,桃園市,大貨車,未注意車前狀態,20221210061058
4262,臺南市,機車,違反號誌管制或指揮,20221210081919
4263,臺南市,小貨車(含客、貨兩用),未注意車前狀態,20221210081919
4265,屏東縣,小客車,未注意車前狀態,20221210110617
4266,彰化縣,機車,未依規定讓車,20221210112800
4267,彰化縣,小客車,未依規定減速,20221210112800
4268,宜蘭縣,機車,未注意車前狀態,20221210135310
4270,桃園市,小貨車(含客、貨兩用),酒醉(後)駕駛失控,20221210135747
4276,臺中市,小客車,未注意車前狀態,20221211043800
4278,屏東縣,小客車,未注意車前狀態,20221211052344
4285,屏東縣,小客車,違反號誌管制或指揮,20221211095300
4288,桃園市,小客車,違反號誌管制或指揮,20221211105631
4289,桃園市,大貨車,違反號誌管制或指揮,20221211105631
4291,臺南市,機車,未依規定讓車,20221211150200
4292,臺南市,小客車,未依規定減速,20221211150200
4295,臺中市,機車,違反特定標誌(線)禁制,20221212133400
4296,臺中市,小貨車(含客、貨兩用),未注意車前狀態,20221212133400
4297,新北市,小客車,違反號誌管制或指揮,20221212160500
4298,新北市,機車,違反號誌管制或指揮,20221212160500
4302,苗栗縣,機車,變換車道或方向不當,20221212195700
4303,苗栗縣,小貨車(含客、貨兩用),未依規定減速,20221212195700
4305,臺南市,全聯結車,違反號誌管制或指揮,20221213174200
4306,臺南市,機車,未注意車前狀態,20221213174200
4310,雲林縣,機車,未注意車前狀態,20221213202800
4312,臺南市,小客車,未注意車前狀態,20221214022000
4314,彰化縣,小客車,未依規定減速,20221214060700
4316,雲林縣,小貨車(含客、貨兩用),未依規定減速,20221214081400
4317,雲林縣,機車,違反號誌管制或指揮,20221214081400
4318,桃園市,機車,違反特定標誌(線)禁制,20221215085457
4319,桃園市,曳引車,未注意車前狀態,20221215085457
4320,高雄市,小貨車(含客、貨兩用),未注意車前狀態,20221215100024
4323,苗栗縣,機車,違反號誌管制或指揮,20221215100314
4327,臺東縣,小客車,未注意車前狀態,20221215154500
4332,屏東縣,機車,左轉彎未依規定,20221215163835
4333,屏東縣,小貨車(含客、貨兩用),未注意車前狀態,20221215163835
4334,花蓮縣,機車,未注意車前狀態,20221215172838
4336,花蓮縣,小客車,未注意車前狀態,20221215172838
4337,桃園市,小客車,未依規定讓車,20221215183600
4338,桃園市,機車,未注意車前狀態,20221215183600
4339,臺北市,機車,未注意車前狀態,20221215213500
4345,新北市,小貨車(含客、貨兩用),未注意車前狀態,20221216192000
4347,嘉義市,機車,未注意車前狀態,20221217052200
4349,嘉義市,小貨車(含客、貨兩用),未注意車前狀態,20221217052200
4351,嘉義縣,機車,未注意車前狀態,20221217133747
4355,彰化縣,機車,未注意車前狀態,20221218035600
4362,苗栗縣,小客車,未注意車前狀態,20221218202800
4368,臺中市,機車,未注意車前狀態,20221219103200
4370,新北市,機車,酒醉(後)駕駛失控,20221219112300
4372,嘉義市,機車,酒醉(後)駕駛失控,20221219154300
4374,高雄市,小客車,違反號誌管制或指揮,20221219181100
4377,彰化縣,機車,未依規定讓車,20221219182500
4378,彰化縣,小客車,未依規定減速,20221219182500
4379,臺東縣,機車,未注意車前狀態,20221219225500
4381,桃園市,機車,未注意車前狀態,20221220023700
4385,桃園市,大貨車,未注意車前狀態,20221220103850
4388,嘉義市,小貨車(含客、貨兩用),未注意車前狀態,20221220105400
4390,屏東縣,機車,左轉彎未依規定,20221220141200
4391,屏東縣,小客車,未注意車前狀態,20221220141200
4392,臺南市,機車,未依規定讓車,20221220173200
4393,臺南市,小貨車(含客、貨兩用),未依規定減速,20221220173200
4396,高雄市,機車,酒醉(後)駕駛失控,20221220234500
4397,高雄市,小貨車(含客、貨兩用),違規停車或暫停不當而肇事,20221220234500
4398,屏東縣,機車,未依規定讓車,20221221075300
4399,屏東縣,大貨車,未依規定減速,20221221075300
4411,臺中市,機車,未依規定讓車,20221221155900
4412,臺中市,小貨車(含客、貨兩用),未注意車前狀態,20221221155900
4413,苗栗縣,機車,酒醉(後)駕駛失控,20221222113823
4415,臺南市,機車,未依規定讓車,20221222115213
4416,臺南市,小客車,未依規定減速,20221222115213
4418,屏東縣,機車,未注意車前狀態,20221222125400
4419,桃園市,小客車,未注意車前狀態,20221222151800
4422,南投縣,小客車,酒醉(後)駕駛失控,20221222195000
4424,臺南市,機車,未注意車前狀態,20221223045100
4426,苗栗縣,曳引車,未注意車前狀態,20221223094000
4428,苗栗縣,小客車,違規停車或暫停不當而肇事,20221223094000
4431,宜蘭縣,小客車,未依規定讓車,20221223112100
4432,宜蘭縣,機車,未依規定減速,20221223112100
4433,桃園市,小貨車(含客、貨兩用),未依規定讓車,20221223131000
4434,桃園市,機車,未注意車前狀態,20221223131000
4435,雲林縣,小客車,未注意車前狀態,20221223193300
4437,花蓮縣,小客車,未注意車前狀態,20221224034813
4439,臺中市,機車,未注意車前狀態,20221224054900
4441,臺南市,小貨車(含客、貨兩用),左轉彎未依規定,20221224094909
4442,臺南市,機車,未注意車前狀態,20221224094909
4445,雲林縣,機車,未依規定減速,20221224133850
4446,雲林縣,小貨車(含客、貨兩用),未依規定讓車,20221224133850
4447,新北市,機車,酒醉(後)駕駛失控,20221224154600
4449,苗栗縣,機車,未注意車前狀態,20221225180200
4451,臺南市,機車,未注意車前狀態,20221225213300
4453,嘉義縣,機車,違反特定標誌(線)禁制,20221226065500
4458,新北市,大貨車,違規停車或暫停不當而肇事,20221226143000
4459,新北市,機車,未注意車前狀態,20221226143000
4460,臺南市,機車,未依規定讓車,20221226160649
4461,臺南市,小客車,未注意車前狀態,20221226160649
4462,臺中市,小客車,違反號誌管制或指揮,20221227022200
4464,臺中市,慢車,違反號誌管制或指揮,20221227053000
4466,臺南市,機車,未注意車前狀態,20221227071054
4468,臺中市,機車,未注意車前狀態,20221227072800
4469,臺中市,大貨車,違規停車或暫停不當而肇事,20221227072800
4471,新竹市,小客車,未注意車前狀態,20221227102805
4472,桃園市,機車,變換車道或方向不當,20221227104531
4473,桃園市,小貨車(含客、貨兩用),未注意車前狀態,20221227104531
4474,嘉義市,大貨車,未注意車前狀態,20221227132800
4479,嘉義市,小客車,違規停車或暫停不當而肇事,20221227132800
4492,桃園市,小客車,未依規定讓車,20221227161948
4493,桃園市,機車,未注意車前狀態,20221227161948
4503,雲林縣,小客車,未注意車前狀態,20221228064924
4506,雲林縣,小客車,未注意車前狀態,20221228123000
4507,苗栗縣,機車,未注意車前狀態,20221228133000
4512,高雄市,機車,未注意車前狀態,20221229002000
4518,雲林縣,小貨車(含客、貨兩用),未注意車前狀態,20221229154900
4519,南投縣,機車,未注意車前狀態,20221229172700
4525,高雄市,小客車,變換車道或方向不當,20221230221300
4527,臺中市,小客車,未注意車前狀態,20221231043700
4529,臺南市,機車,未注意車前狀態,20221231060000
4533,基隆市,機車,未注意車前狀態,20221231060000
4535,宜蘭縣,機車,酒醉(後)駕駛失控,20221231060953
4537,新竹市,機車,未注意車前狀態,20221231091958
4539,高雄市,機車,違反號誌管制或指揮,20221231153000
