發生地點,天候名稱,行動電話或電腦或其他相類功能裝置名稱,Date_ID,是否酒駕,死亡人數,受傷人數
雲林縣,晴,0,20220101023000,0,1,0
屏東縣,晴,0,20220101060742,0,1,1
宜蘭縣,晴,0,20220101165000,0,1,0
南投縣,晴,0,20220101192000,0,1,1
屏東縣,晴,0,20220101195500,0,1,0
宜蘭縣,晴,0,20220102080053,0,1,1
嘉義縣,晴,0,20220102101200,0,1,0
新竹縣,晴,0,20220102120029,0,1,1
桃園市,晴,0,20220102183000,0,1,0
新竹市,晴,0,20220103061900,0,1,0
臺南市,晴,0,20220103143613,0,1,0
雲林縣,晴,0,20220103151100,0,1,2
桃園市,晴,0,20220103152800,0,1,0
高雄市,晴,0,20220103175700,0,1,1
臺北市,晴,0,20220103201700,0,1,0
嘉義縣,晴,0,20220103203200,0,1,0
臺北市,晴,0,20220104025100,0,1,0
臺南市,晴,0,20220104054039,0,1,1
新竹縣,晴,0,20220104061300,0,1,0
高雄市,晴,0,20220104112700,0,1,0
臺中市,晴,0,20220104132300,1,1,2
桃園市,晴,0,20220105081000,0,1,1
高雄市,晴,0,20220105111700,0,2,0
宜蘭縣,晴,0,20220105161000,0,1,1
桃園市,晴,0,20220105163200,0,1,0
彰化縣,晴,0,20220105164100,0,1,0
桃園市,陰,0,20220105191600,0,1,0
新北市,雨,0,20220106223900,0,1,0
臺南市,晴,0,20220106231010,0,1,3
臺北市,陰,0,20220107100300,0,1,0
臺南市,晴,0,20220107125500,0,1,0
臺東縣,晴,0,20220107125500,1,1,0
雲林縣,晴,0,20220107161037,0,1,1
臺中市,晴,0,20220107230600,1,1,0
臺北市,晴,0,20220108011000,0,1,2
臺東縣,晴,0,20220108161000,0,1,2
金門縣,晴,0,20220108173500,0,1,0
彰化縣,晴,0,20220109053600,0,1,0
桃園市,陰,0,20220109133900,0,1,0
彰化縣,晴,0,20220109142900,0,1,0
新北市,雨,0,20220109191800,0,1,0
苗栗縣,晴,0,20220110015800,0,1,0
桃園市,晴,0,20220110044300,0,1,0
苗栗縣,陰,0,20220110090959,0,1,0
高雄市,晴,0,20220110125059,0,1,1
桃園市,晴,0,20220110160400,0,1,0
澎湖縣,陰,0,20220110164700,0,1,0
高雄市,晴,0,20220110213500,1,1,0
臺中市,晴,0,20220111003700,0,1,0
新北市,雨,0,20220111052000,0,1,1
臺北市,雨,0,20220111072400,0,1,0
高雄市,晴,0,20220111115300,0,1,1
花蓮縣,陰,0,20220112045700,0,1,0
宜蘭縣,陰,0,20220112131016,0,1,1
臺南市,晴,0,20220112184309,0,1,1
臺南市,晴,0,20220113003702,0,1,0
新北市,雨,0,20220113063300,0,1,1
彰化縣,晴,0,20220113070600,0,1,1
臺中市,晴,0,20220113101300,0,1,1
臺東縣,晴,0,20220113104000,0,1,0
新竹縣,晴,0,20220113145128,0,1,0
臺中市,晴,0,20220114001900,0,1,0
臺南市,晴,0,20220114084600,0,1,0
彰化縣,晴,0,20220114125200,0,1,0
新北市,晴,0,20220114171600,0,1,0
新北市,晴,0,20220114180700,0,1,3
臺中市,晴,0,20220114181300,0,1,0
苗栗縣,晴,0,20220114202239,0,1,0
新竹縣,雨,0,20220115044513,0,1,0
臺中市,晴,0,20220115073200,0,1,0
屏東縣,晴,0,20220115085500,0,1,2
彰化縣,晴,0,20220115091900,0,1,1
桃園市,晴,0,20220115155800,1,1,0
臺南市,晴,0,20220115173600,0,1,2
新竹縣,晴,0,20220115173800,0,1,0
南投縣,晴,0,20220115174005,1,1,0
桃園市,陰,0,20220115191800,1,1,0
臺中市,晴,0,20220115234900,1,1,0
屏東縣,晴,0,20220116082000,0,1,1
臺南市,晴,0,20220116101000,0,1,1
新竹縣,晴,0,20220116210000,0,1,0
臺中市,晴,0,20220116212100,0,1,0
臺中市,晴,0,20220117052100,0,1,0
桃園市,雨,0,20220117173400,0,1,0
臺中市,雨,0,20220117233100,0,1,0
屏東縣,晴,0,20220118103352,0,1,0
臺北市,雨,0,20220118201200,0,1,1
新北市,晴,0,20220118211800,0,1,2
雲林縣,晴,0,20220118233056,0,1,0
高雄市,晴,0,20220119092600,0,1,0
彰化縣,晴,0,20220119104000,0,1,0
臺南市,晴,0,20220119182500,0,1,1
高雄市,晴,0,20220119200300,0,1,0
南投縣,晴,0,20220119211518,1,1,0
苗栗縣,晴,0,20220119213000,0,1,0
臺中市,晴,0,20220120080000,0,1,0
屏東縣,晴,0,20220120083000,0,1,0
臺中市,晴,0,20220120090800,0,1,0
嘉義縣,晴,0,20220120093700,0,1,0
臺南市,晴,0,20220120131700,0,1,0
桃園市,晴,0,20220120155800,0,1,3
新竹縣,晴,0,20220120180100,0,1,0
臺北市,晴,0,20220120184600,0,1,1
臺東縣,晴,0,20220120193100,0,1,0
彰化縣,陰,0,20220120235100,0,1,0
臺南市,晴,0,20220121093000,0,1,0
新竹縣,雨,0,20220121100246,0,1,0
臺南市,晴,0,20220121101436,0,1,0
高雄市,晴,0,20220121111200,0,1,1
彰化縣,雨,0,20220121180400,0,1,1
南投縣,晴,0,20220121184444,0,1,0
屏東縣,晴,0,20220121194000,0,1,0
屏東縣,雨,0,20220121195900,1,1,0
桃園市,雨,0,20220121204500,0,1,1
新北市,陰,0,20220121230000,1,1,0
臺北市,雨,0,20220122000000,1,1,0
高雄市,雨,0,20220122155200,0,1,1
苗栗縣,雨,0,20220122204100,0,1,1
彰化縣,晴,0,20220122222600,1,1,0
高雄市,晴,0,20220123165500,0,1,1
臺中市,霧或煙,0,20220123234100,1,1,1
臺南市,晴,0,20220124091529,0,1,1
臺南市,晴,0,20220124150400,0,1,0
彰化縣,晴,0,20220125061200,0,1,0
臺東縣,晴,0,20220125102800,0,1,0
高雄市,晴,0,20220125115300,0,1,0
彰化縣,晴,0,20220125121200,0,1,0
新北市,陰,0,20220125131600,0,1,0
臺中市,晴,0,20220125191600,0,1,1
臺北市,陰,0,20220125225200,0,1,0
臺中市,霧或煙,0,20220126000600,0,2,1
臺東縣,晴,0,20220126074827,0,1,0
臺中市,晴,0,20220126085200,0,1,0
苗栗縣,晴,0,20220126092213,0,1,0
桃園市,晴,0,20220126095000,0,1,0
宜蘭縣,晴,0,20220126124313,0,1,0
彰化縣,晴,0,20220126151100,0,1,0
南投縣,晴,0,20220126155914,0,1,1
屏東縣,晴,0,20220126181800,0,1,0
新竹市,晴,0,20220127073300,0,1,0
苗栗縣,晴,0,20220127075113,0,1,1
臺中市,晴,0,20220127080900,0,1,0
臺北市,雨,0,20220128152000,0,1,0
新竹縣,陰,0,20220128160719,1,1,1
嘉義縣,雨,0,20220128180411,0,1,0
臺東縣,雨,0,20220128200200,0,1,1
苗栗縣,雨,0,20220128214400,0,1,1
新竹市,雨,0,20220129014841,0,1,0
桃園市,陰,0,20220129114300,0,1,0
彰化縣,晴,0,20220129132000,0,1,0
屏東縣,雨,0,20220129233540,0,1,0
新北市,晴,0,20220130000100,0,1,0
新北市,陰,0,20220130052200,0,1,0
宜蘭縣,陰,0,20220130072500,0,1,1
臺南市,晴,0,20220130095500,1,1,1
嘉義縣,霧或煙,0,20220130102619,0,1,0
苗栗縣,雨,0,20220130113500,0,1,0
屏東縣,晴,0,20220130153928,0,1,3
彰化縣,晴,0,20220130202100,0,1,1
臺東縣,晴,0,20220131001400,1,1,0
桃園市,陰,0,20220131061800,0,1,0
臺中市,晴,0,20220131100000,0,1,0
花蓮縣,陰,0,20220131153201,0,1,3
桃園市,晴,0,20220131155300,0,1,0
彰化縣,晴,0,20220131155700,0,1,1
屏東縣,晴,0,20220131210800,0,1,0
臺中市,雨,0,20220201031500,0,2,0
新北市,雨,0,20220201184200,0,1,0
彰化縣,晴,0,20220202200900,0,1,1
高雄市,晴,0,20220202230000,0,1,0
高雄市,晴,0,20220203004900,0,1,0
南投縣,晴,0,20220203014238,1,1,1
桃園市,雨,0,20220203140015,0,1,0
臺北市,雨,0,20220203211600,0,1,0
彰化縣,晴,0,20220204002200,0,1,0
屏東縣,晴,0,20220204032455,0,1,0
高雄市,晴,0,20220205002500,0,1,1
新北市,雨,0,20220205080900,0,1,0
雲林縣,晴,0,20220205121147,0,1,0
南投縣,晴,0,20220205183300,0,1,0
桃園市,陰,0,20220205191300,0,1,2
高雄市,晴,0,20220205195100,0,1,0
南投縣,晴,0,20220206064700,0,1,0
新竹縣,晴,0,20220206101900,0,1,1
桃園市,陰,0,20220206102600,0,1,0
臺南市,晴,0,20220206124812,0,1,0
臺南市,晴,0,20220206163500,0,1,0
彰化縣,晴,0,20220206175800,0,1,0
臺中市,晴,0,20220206201000,0,1,0
臺中市,晴,0,20220207074000,0,1,1
新竹縣,晴,0,20220207085400,0,1,0
新北市,雨,0,20220207113100,0,1,0
高雄市,晴,0,20220207182000,0,1,0
基隆市,陰,0,20220208134000,0,1,3
高雄市,晴,0,20220208134300,0,1,1
高雄市,晴,0,20220208144100,0,1,0
新竹縣,陰,0,20220208152500,0,2,0
嘉義縣,晴,0,20220208153019,0,1,0
新竹縣,陰,0,20220209015400,0,1,0
桃園市,雨,0,20220210013500,0,1,0
花蓮縣,晴,0,20220210065859,0,1,0
屏東縣,晴,0,20220210092600,0,1,0
嘉義縣,晴,0,20220210141300,0,1,0
新竹縣,陰,0,20220210143600,0,1,0
臺中市,晴,0,20220210165400,0,1,0
屏東縣,晴,0,20220211005300,0,1,0
南投縣,霧或煙,0,20220211062930,0,1,0
新北市,晴,0,20220211084500,0,1,0
高雄市,晴,0,20220211084600,0,1,0
高雄市,晴,0,20220211110000,0,1,0
臺北市,晴,0,20220211192000,1,1,0
苗栗縣,雨,0,20220212011000,0,1,1
南投縣,晴,0,20220212084500,0,1,2
彰化縣,晴,0,20220212103100,0,1,0
新竹市,晴,0,20220212111414,0,1,1
雲林縣,晴,0,20220212153800,0,1,0
高雄市,晴,0,20220212223500,0,1,0
彰化縣,晴,0,20220213001000,0,1,1
苗栗縣,陰,0,20220213173203,0,1,0
嘉義縣,雨,0,20220213211400,0,1,0
新北市,雨,0,20220213212100,0,1,0
臺中市,雨,0,20220214033800,0,1,1
新北市,雨,0,20220214041800,1,1,0
臺中市,雨,0,20220214055800,0,1,0
臺中市,晴,0,20220215061800,0,1,1
臺中市,晴,0,20220215080700,0,1,0
高雄市,晴,0,20220215151000,0,1,0
臺南市,晴,0,20220215154600,1,1,0
臺南市,晴,0,20220215184338,0,1,0
苗栗縣,晴,0,20220216051526,0,1,1
彰化縣,晴,0,20220216105000,0,1,0
桃園市,陰,0,20220216115000,0,1,0
新北市,晴,0,20220216143600,0,1,0
新竹市,晴,0,20220216145629,0,1,0
桃園市,雨,0,20220217132500,0,1,0
新竹縣,雨,0,20220218043000,1,1,1
嘉義縣,雨,0,20220218060223,0,1,0
臺中市,陰,0,20220218101000,0,1,0
臺南市,晴,0,20220218114400,0,1,0
高雄市,晴,0,20220218115000,0,1,0
南投縣,陰,0,20220218143059,0,1,1
雲林縣,晴,0,20220218151800,0,1,0
高雄市,晴,0,20220218165500,0,1,0
桃園市,雨,0,20220218180400,0,1,0
臺南市,晴,0,20220218214410,0,1,1
臺南市,晴,0,20220219022200,1,1,0
花蓮縣,雨,0,20220219101040,0,3,2
高雄市,晴,0,20220219133800,0,1,0
高雄市,雨,0,20220219175900,0,1,0
新北市,雨,0,20220220005000,0,3,0
嘉義縣,雨,0,20220220021900,0,1,0
臺中市,雨,0,20220220061100,1,1,0
基隆市,雨,0,20220220091800,0,1,1
新竹市,雨,0,20220220134000,0,1,0
屏東縣,晴,0,20220221072150,0,1,0
桃園市,雨,0,20220221162313,0,1,0
新北市,雨,0,20220221192200,0,1,0
屏東縣,晴,0,20220221202900,0,1,0
新北市,雨,0,20220222010300,1,1,0
彰化縣,雨,0,20220222072600,0,1,0
屏東縣,陰,0,20220222092300,0,1,2
臺中市,雨,0,20220222112300,0,1,1
高雄市,晴,0,20220222123400,0,1,0
桃園市,雨,0,20220222212300,0,1,0
高雄市,陰,0,20220223070700,0,1,0
嘉義縣,雨,0,20220223125500,0,1,1
花蓮縣,雨,0,20220223193518,0,1,0
新竹縣,陰,0,20220224011600,0,1,0
桃園市,雨,0,20220224013000,0,1,0
臺中市,陰,0,20220224044700,1,1,1
宜蘭縣,陰,0,20220224170644,0,1,0
桃園市,晴,0,20220225004500,0,1,3
臺中市,晴,0,20220225070000,0,1,0
基隆市,陰,0,20220225124500,0,1,0
高雄市,晴,0,20220225192800,0,1,0
苗栗縣,陰,0,20220226023824,0,1,0
花蓮縣,陰,0,20220226024715,1,1,0
新北市,晴,0,20220226094300,0,1,0
高雄市,晴,0,20220226102000,0,1,0
新北市,晴,0,20220226110500,0,1,1
屏東縣,晴,0,20220226112700,0,1,0
新北市,晴,0,20220226115200,0,1,0
高雄市,晴,0,20220226171000,0,1,0
臺中市,晴,0,20220227030400,0,1,0
臺南市,陰,0,20220227071200,0,1,0
臺中市,晴,0,20220227091200,0,1,0
宜蘭縣,晴,0,20220227161640,0,1,1
臺南市,晴,0,20220228072300,0,2,0
臺南市,晴,0,20220228135900,0,1,0
基隆市,晴,0,20220228154500,1,1,0
彰化縣,晴,0,20220301041200,0,1,0
臺中市,晴,0,20220301072400,0,1,0
新北市,晴,0,20220301104800,0,1,1
高雄市,晴,0,20220301192500,0,1,2
雲林縣,晴,0,20220302011000,0,1,0
高雄市,晴,0,20220302075400,0,1,1
桃園市,陰,0,20220302094900,0,1,0
高雄市,晴,0,20220302111100,0,1,0
桃園市,晴,0,20220302135000,0,1,0
臺南市,晴,0,20220302152506,0,1,0
臺北市,晴,0,20220302171300,0,1,4
臺南市,晴,0,20220302174700,0,1,1
苗栗縣,晴,0,20220302233400,1,1,1
高雄市,晴,0,20220303102900,0,1,0
嘉義縣,晴,0,20220303114746,0,1,0
高雄市,晴,0,20220303174500,1,1,0
臺中市,晴,0,20220304075500,0,1,0
臺中市,晴,0,20220304093800,0,1,0
嘉義縣,晴,0,20220304150200,0,1,0
臺南市,晴,0,20220304213551,0,1,1
新竹縣,晴,0,20220305011348,0,1,0
宜蘭縣,雨,0,20220305031100,0,1,1
臺南市,晴,0,20220305094928,0,1,3
臺南市,晴,0,20220305095100,0,1,0
臺中市,晴,0,20220305102000,0,1,0
高雄市,晴,0,20220305155000,0,1,1
雲林縣,晴,0,20220305212800,0,1,1
苗栗縣,晴,0,20220306002600,0,1,3
桃園市,晴,0,20220306021400,0,1,0
臺南市,晴,0,20220306022800,1,1,0
新北市,晴,0,20220306093000,0,1,0
雲林縣,陰,0,20220307032929,0,1,0
桃園市,雨,0,20220307050400,0,1,0
臺中市,雨,0,20220307093100,0,1,0
彰化縣,陰,0,20220307144600,0,1,0
苗栗縣,雨,0,20220307153700,1,1,0
高雄市,晴,0,20220307154500,0,1,0
臺中市,晴,0,20220307170600,0,1,1
新北市,雨,0,20220307172500,0,1,1
桃園市,晴,1,20220307214827,0,1,2
新北市,晴,0,20220308044500,0,1,0
新竹縣,晴,0,20220308071200,0,1,0
新竹市,晴,0,20220308075000,0,1,1
新北市,晴,0,20220308090200,0,1,1
臺北市,晴,0,20220308094700,0,1,0
臺南市,晴,0,20220308161137,0,1,1
嘉義縣,晴,0,20220308175605,0,1,0
臺中市,晴,0,20220308183200,0,1,3
高雄市,晴,0,20220308191600,0,1,3
臺中市,晴,0,20220309060800,0,1,1
高雄市,晴,0,20220309062700,0,1,0
嘉義縣,晴,0,20220309074100,0,1,0
高雄市,晴,0,20220309121700,0,1,1
嘉義縣,晴,0,20220309134102,0,1,0
新北市,晴,0,20220309150000,0,2,0
彰化縣,晴,0,20220309163600,0,1,0
臺中市,晴,0,20220309170700,0,1,0
彰化縣,晴,0,20220310042500,0,1,0
屏東縣,晴,0,20220310072110,0,1,0
桃園市,晴,0,20220310073500,0,1,0
屏東縣,晴,0,20220310104220,0,1,0
南投縣,晴,0,20220311001530,1,1,0
苗栗縣,晴,0,20220311034548,0,2,0
嘉義縣,晴,0,20220311045500,0,2,2
臺中市,晴,0,20220311093000,0,1,0
臺中市,晴,0,20220311093500,0,1,0
彰化縣,晴,0,20220311163000,0,2,0
屏東縣,晴,0,20220311181800,0,1,0
嘉義縣,晴,0,20220311223300,0,1,1
臺北市,晴,0,20220311234300,1,1,1
高雄市,晴,0,20220313065500,0,1,0
屏東縣,晴,0,20220313133300,0,1,0
臺南市,晴,0,20220313165200,0,2,1
臺南市,晴,0,20220313173520,0,1,0
臺中市,晴,0,20220313231200,0,1,0
新北市,晴,0,20220314132400,0,1,0
高雄市,晴,0,20220314163700,0,1,0
高雄市,晴,0,20220314180600,0,1,1
雲林縣,晴,0,20220314184000,0,1,1
南投縣,晴,0,20220314222156,0,1,0
南投縣,晴,0,20220315062441,0,1,1
彰化縣,晴,0,20220315062700,0,1,0
屏東縣,晴,0,20220315074000,0,1,0
屏東縣,晴,0,20220315095400,0,1,0
高雄市,晴,0,20220315110900,0,1,1
桃園市,晴,0,20220315123700,0,1,0
宜蘭縣,陰,0,20220315181055,0,1,0
高雄市,晴,0,20220315190700,0,1,1
嘉義縣,晴,0,20220315193203,0,1,1
臺中市,晴,0,20220316052200,0,1,0
南投縣,晴,0,20220316074544,0,1,0
雲林縣,晴,0,20220316081900,0,1,0
雲林縣,晴,0,20220316201500,0,1,0
臺中市,晴,0,20220316221500,0,1,0
屏東縣,晴,0,20220317065100,0,1,0
宜蘭縣,陰,0,20220317202000,0,1,0
新北市,雨,0,20220317221300,0,1,1
臺北市,陰,0,20220318012700,0,1,1
南投縣,陰,0,20220318035400,0,1,0
臺北市,晴,0,20220318185400,0,1,2
苗栗縣,晴,0,20220319053900,1,1,0
屏東縣,晴,0,20220319054500,0,1,0
高雄市,陰,0,20220319062900,0,1,0
新北市,晴,0,20220319130000,0,1,0
臺中市,晴,0,20220319134200,0,1,0
高雄市,晴,0,20220319135900,0,1,1
臺中市,晴,0,20220319144900,0,1,1
高雄市,晴,0,20220319190500,0,1,1
苗栗縣,晴,0,20220319210000,0,1,0
新北市,陰,0,20220320042700,1,1,0
嘉義縣,晴,0,20220320124500,0,1,0
臺南市,晴,0,20220320170754,1,1,0
新竹市,晴,0,20220320200349,0,1,1
高雄市,雨,0,20220321111900,0,1,0
臺南市,晴,0,20220321114900,0,1,0
雲林縣,晴,0,20220321163000,0,1,0
高雄市,晴,0,20220321185900,0,1,1
高雄市,晴,0,20220321230600,0,1,2
臺東縣,陰,0,20220322022300,0,1,0
臺中市,晴,0,20220322053100,0,1,1
花蓮縣,陰,0,20220322075455,0,1,0
嘉義縣,晴,0,20220322083400,0,1,0
臺南市,晴,0,20220322091529,0,1,0
苗栗縣,陰,0,20220322112755,0,1,1
屏東縣,晴,0,20220322121309,0,1,0
高雄市,晴,0,20220322192600,0,1,0
屏東縣,雨,0,20220323054300,1,1,0
桃園市,雨,0,20220323092700,0,1,0
彰化縣,雨,0,20220323103500,0,1,0
桃園市,雨,0,20220323113600,0,1,0
屏東縣,雨,0,20220323173200,1,1,0
新北市,雨,0,20220323235500,0,1,0
高雄市,雨,0,20220324050100,0,1,0
高雄市,晴,0,20220324122000,0,1,0
臺中市,雨,0,20220324184100,0,1,0
臺南市,陰,0,20220324230636,0,1,0
臺中市,陰,0,20220325061000,0,1,0
新竹縣,晴,0,20220325115855,0,1,0
新北市,晴,0,20220325154700,0,1,0
彰化縣,晴,0,20220325161400,0,1,0
高雄市,晴,0,20220325164500,0,1,0
臺中市,晴,0,20220325191800,1,1,2
高雄市,晴,0,20220326075900,0,1,1
臺北市,陰,0,20220326081400,0,1,0
臺東縣,晴,0,20220326142400,1,1,0
桃園市,雨,0,20220326222940,1,1,0
臺中市,雨,0,20220327195000,0,1,0
新北市,雨,0,20220328021400,0,1,4
雲林縣,陰,0,20220329051000,0,1,0
桃園市,晴,0,20220329182700,0,1,0
彰化縣,晴,0,20220329225800,0,1,0
臺中市,晴,0,20220330003800,1,1,0
新北市,晴,0,20220330024500,0,1,1
彰化縣,晴,0,20220330145100,0,1,0
臺南市,晴,0,20220330171109,0,1,0
屏東縣,晴,0,20220331080000,0,1,0
新北市,晴,0,20220331101500,0,1,0
屏東縣,晴,0,20220331101800,1,1,0
臺南市,晴,0,20220331110001,0,1,1
高雄市,晴,0,20220331131200,0,1,0
臺中市,晴,0,20220331171500,0,1,0
屏東縣,晴,0,20220401064500,1,1,0
屏東縣,晴,0,20220401182117,0,1,0
嘉義市,晴,0,20220401184100,0,1,1
屏東縣,晴,0,20220401205030,0,2,3
桃園市,雨,0,20220402114200,0,1,1
桃園市,雨,0,20220402181100,0,1,0
彰化縣,雨,0,20220402204000,0,1,0
新北市,雨,0,20220402231500,0,1,1
桃園市,雨,0,20220403011500,1,1,1
花蓮縣,雨,0,20220403040100,0,1,0
新北市,晴,0,20220403184900,0,1,0
彰化縣,晴,0,20220403203800,0,1,0
臺南市,晴,0,20220403223328,0,1,0
桃園市,晴,0,20220404062927,0,1,0
雲林縣,晴,0,20220404114300,0,1,1
屏東縣,晴,0,20220404141900,0,1,0
新北市,陰,0,20220404230700,0,1,1
雲林縣,晴,0,20220405052200,0,1,0
彰化縣,晴,0,20220405121000,0,1,0
臺中市,晴,0,20220405160800,0,1,0
雲林縣,晴,0,20220405230041,0,1,1
宜蘭縣,晴,0,20220406094000,0,1,0
澎湖縣,晴,0,20220406113100,0,1,1
彰化縣,晴,0,20220407090900,0,1,1
臺南市,晴,0,20220407095154,0,1,0
雲林縣,晴,0,20220407184800,0,1,0
桃園市,晴,0,20220407222500,0,1,0
臺南市,晴,0,20220408051200,0,1,1
雲林縣,晴,0,20220408082700,0,1,0
桃園市,晴,0,20220408085400,0,1,0
臺中市,晴,0,20220408092000,0,1,0
宜蘭縣,雨,0,20220408092826,0,1,0
新北市,晴,0,20220408142300,0,1,2
雲林縣,晴,0,20220409052200,0,1,0
高雄市,晴,0,20220410022300,0,1,0
臺中市,晴,0,20220410165700,0,1,0
宜蘭縣,晴,0,20220410190100,0,1,0
高雄市,晴,0,20220410225000,0,1,2
高雄市,晴,0,20220411054500,0,1,0
嘉義縣,晴,0,20220411083100,0,1,1
高雄市,晴,0,20220411214500,1,1,0
新北市,晴,0,20220412112700,0,1,0
桃園市,晴,0,20220412132200,0,1,0
臺中市,晴,0,20220412231700,0,1,0
桃園市,晴,0,20220413103333,0,1,0
新竹市,晴,0,20220413191900,0,1,1
新北市,晴,0,20220414050000,0,1,0
臺南市,晴,0,20220414072817,0,1,0
雲林縣,晴,0,20220414131318,1,1,1
臺中市,晴,0,20220414134300,0,1,0
彰化縣,晴,0,20220414142300,0,1,0
新北市,陰,0,20220414144200,0,1,1
高雄市,晴,0,20220414145000,0,1,0
宜蘭縣,晴,0,20220414145941,0,1,0
新竹市,晴,0,20220414153200,1,1,0
屏東縣,晴,0,20220414155700,0,1,0
苗栗縣,晴,0,20220414212500,0,1,0
雲林縣,晴,0,20220415051200,0,1,1
高雄市,晴,0,20220415083800,0,1,1
桃園市,晴,0,20220415214300,0,1,1
彰化縣,晴,0,20220415214800,0,1,0
屏東縣,晴,0,20220416044903,0,1,0
嘉義縣,晴,0,20220416063000,0,1,0
彰化縣,晴,0,20220416074500,0,1,1
苗栗縣,晴,0,20220416170100,0,1,0
屏東縣,晴,0,20220416191000,0,1,0
臺中市,晴,0,20220416213400,0,1,0
新北市,晴,0,20220417082900,0,1,2
新北市,晴,0,20220417154000,0,1,0
臺中市,晴,0,20220417163000,0,1,0
臺南市,陰,0,20220417192900,0,1,0
臺南市,晴,0,20220417194023,0,1,0
臺南市,晴,0,20220418051112,0,1,0
高雄市,晴,0,20220418082300,0,1,0
彰化縣,晴,0,20220418112400,0,1,0
雲林縣,晴,0,20220418214800,0,1,0
彰化縣,晴,0,20220418233100,0,1,2
臺北市,雨,0,20220419044200,0,1,1
嘉義縣,陰,0,20220419174400,0,1,1
南投縣,雨,0,20220419190000,0,1,1
彰化縣,晴,0,20220420083500,0,1,0
雲林縣,晴,0,20220421004600,0,1,0
高雄市,晴,0,20220421044400,0,1,0
基隆市,陰,0,20220421061600,0,1,0
臺中市,晴,0,20220421075000,0,1,0
臺南市,晴,0,20220421110400,0,1,0
新竹縣,晴,0,20220421201200,0,1,1
臺南市,晴,0,20220422095700,0,1,0
雲林縣,晴,0,20220422105200,0,1,0
臺中市,晴,0,20220422115300,0,1,0
臺南市,晴,0,20220422184009,0,1,1
雲林縣,晴,0,20220423010022,0,1,3
新竹縣,陰,0,20220423043600,0,1,0
嘉義市,雨,0,20220423053500,1,1,1
臺東縣,晴,0,20220423055300,0,1,0
新北市,陰,0,20220423061700,1,1,0
屏東縣,晴,0,20220423072437,0,1,0
新竹縣,晴,0,20220423094800,0,1,2
屏東縣,晴,0,20220423143400,0,1,1
高雄市,陰,0,20220423144500,0,1,0
桃園市,晴,0,20220423191600,0,1,0
雲林縣,晴,0,20220423192200,0,1,1
高雄市,晴,0,20220423193800,1,1,0
臺中市,晴,0,20220424062200,0,1,1
彰化縣,晴,0,20220424082200,0,1,0
屏東縣,晴,0,20220424091500,0,1,0
屏東縣,晴,0,20220425065522,0,1,0
高雄市,晴,0,20220425112000,0,1,0
新竹市,晴,0,20220425172000,0,1,0
臺中市,晴,0,20220425185800,0,1,0
臺北市,陰,0,20220426011400,0,1,0
新竹縣,晴,0,20220426063136,0,1,0
桃園市,晴,0,20220426063410,0,1,0
臺南市,晴,0,20220426074335,0,1,2
桃園市,晴,0,20220426085100,0,1,0
新北市,晴,0,20220426103400,0,1,0
花蓮縣,晴,0,20220426114000,0,1,0
彰化縣,晴,0,20220426170500,0,1,0
雲林縣,晴,0,20220427070400,0,1,0
嘉義縣,晴,0,20220427070543,0,1,0
臺南市,晴,0,20220427075400,0,1,0
嘉義縣,晴,0,20220427083000,0,1,0
宜蘭縣,晴,0,20220427140428,0,1,0
彰化縣,晴,0,20220427143000,0,1,0
臺南市,晴,0,20220427164013,0,1,1
南投縣,晴,0,20220427165955,1,1,0
臺南市,晴,0,20220427182000,0,1,1
彰化縣,晴,0,20220427210800,0,1,1
桃園市,雨,0,20220428050300,0,1,1
彰化縣,晴,0,20220428090500,0,1,1
高雄市,晴,0,20220428091300,0,1,0
高雄市,晴,0,20220428182200,0,1,1
臺中市,晴,0,20220428193800,0,1,0
高雄市,晴,0,20220428211300,0,1,1
苗栗縣,晴,0,20220429094046,0,1,2
臺中市,晴,0,20220429114500,0,1,0
高雄市,晴,0,20220429121000,0,1,0
嘉義縣,晴,0,20220430091600,0,1,0
嘉義縣,晴,0,20220430163400,0,1,0
彰化縣,晴,0,20220430233900,0,1,0
新北市,晴,0,20220501002400,0,1,2
屏東縣,陰,0,20220501012920,0,1,0
彰化縣,陰,0,20220501014800,0,1,0
高雄市,晴,0,20220501033500,0,1,0
苗栗縣,晴,0,20220501045420,0,1,0
臺南市,晴,0,20220501083609,0,1,0
高雄市,晴,0,20220501190300,0,1,0
臺中市,雨,0,20220501221500,1,1,1
屏東縣,晴,0,20220502004300,0,1,0
臺北市,雨,0,20220502032000,0,1,0
高雄市,陰,0,20220502054600,0,1,0
新竹縣,雨,0,20220502162610,0,1,0
屏東縣,雨,0,20220502162800,0,1,0
臺南市,雨,0,20220503075800,0,1,0
臺中市,晴,0,20220503161700,0,1,1
花蓮縣,雨,0,20220503202500,0,1,0
臺北市,晴,0,20220504074000,0,1,0
臺中市,晴,0,20220504101800,0,1,7
雲林縣,晴,0,20220504112500,0,1,0
高雄市,晴,0,20220504120200,0,1,1
臺中市,晴,0,20220504170300,0,1,0
屏東縣,雨,0,20220504185236,0,1,2
嘉義市,晴,0,20220504204000,0,1,0
臺中市,晴,0,20220505000800,0,1,0
桃園市,陰,0,20220505053657,0,1,0
新北市,晴,0,20220505071400,0,1,1
嘉義市,晴,0,20220505123500,0,1,0
雲林縣,晴,0,20220505145700,0,2,1
高雄市,晴,0,20220505174000,0,1,2
新北市,晴,0,20220505182400,0,1,1
彰化縣,晴,0,20220505185000,0,1,1
桃園市,雨,0,20220506081900,0,1,0
苗栗縣,晴,1,20220506144200,0,2,3
桃園市,晴,0,20220506145857,0,1,0
新北市,晴,0,20220506164900,0,1,0
基隆市,陰,0,20220506215200,0,1,4
新北市,晴,0,20220507030700,0,1,1
新竹縣,晴,0,20220507062923,0,1,0
花蓮縣,雨,0,20220507192019,0,1,1
澎湖縣,晴,0,20220507202300,0,1,1
花蓮縣,陰,0,20220508012437,1,1,0
臺南市,晴,0,20220508054500,0,2,0
屏東縣,晴,0,20220508081300,0,1,2
高雄市,晴,0,20220508125500,0,1,1
臺東縣,晴,0,20220508142500,1,1,0
嘉義縣,晴,0,20220508194202,0,1,0
彰化縣,晴,0,20220509083700,0,1,1
高雄市,晴,0,20220509085600,0,1,0
高雄市,晴,0,20220509170400,0,1,0
臺南市,晴,0,20220509185800,0,1,1
新竹市,晴,0,20220510055456,0,1,0
嘉義市,晴,0,20220510073300,0,1,0
新北市,晴,0,20220510115600,0,1,0
新北市,晴,0,20220510155000,0,1,0
花蓮縣,雨,0,20220510185058,0,1,2
宜蘭縣,雨,0,20220510222659,0,1,0
雲林縣,晴,0,20220510235300,0,1,0
桃園市,晴,0,20220511013243,0,1,0
新北市,雨,0,20220511055000,0,1,0
桃園市,雨,0,20220511074316,0,1,0
高雄市,晴,0,20220511124500,0,1,1
桃園市,晴,0,20220511141000,0,1,0
新竹縣,晴,0,20220511145550,0,1,0
新北市,晴,0,20220511163200,0,1,0
臺中市,晴,0,20220512012500,0,1,0
嘉義縣,陰,0,20220512214500,0,1,0
臺南市,晴,0,20220512224508,0,1,0
雲林縣,雨,0,20220512232000,0,1,0
南投縣,雨,0,20220513064115,0,1,0
彰化縣,晴,0,20220513145100,0,1,0
新北市,雨,0,20220513195400,0,1,0
嘉義縣,陰,0,20220513200456,0,1,6
臺中市,晴,0,20220513200600,0,1,1
彰化縣,雨,0,20220514052700,1,1,1
雲林縣,雨,0,20220514080200,0,1,0
桃園市,雨,0,20220514203900,0,1,0
苗栗縣,雨,0,20220514204557,1,1,1
屏東縣,暴雨,0,20220515063500,0,1,0
臺中市,雨,0,20220516013500,0,1,0
屏東縣,雨,0,20220516050023,1,1,0
彰化縣,雨,0,20220516054700,0,1,0
臺東縣,陰,0,20220516073100,0,1,0
花蓮縣,雨,0,20220516102253,0,1,0
新北市,雨,0,20220516120400,0,1,0
宜蘭縣,雨,0,20220516145843,0,1,0
彰化縣,陰,0,20220517052800,0,1,1
臺中市,陰,0,20220517070500,0,1,0
新竹縣,陰,0,20220517085900,0,1,0
彰化縣,晴,0,20220517113700,0,1,0
彰化縣,晴,0,20220517125400,0,1,0
苗栗縣,陰,0,20220517142235,0,1,0
彰化縣,晴,0,20220517210300,0,1,0
屏東縣,晴,0,20220518075200,0,1,0
屏東縣,晴,0,20220518085000,0,1,0
新北市,晴,0,20220518151200,0,1,0
新北市,陰,0,20220519074100,0,1,0
嘉義縣,晴,0,20220519074200,0,1,1
臺中市,晴,0,20220519120400,0,1,1
雲林縣,晴,0,20220519164500,0,1,0
彰化縣,晴,0,20220519170300,0,1,1
花蓮縣,晴,0,20220520043613,0,1,1
嘉義縣,晴,0,20220520090200,0,1,0
臺南市,晴,0,20220520102900,0,1,0
新北市,晴,0,20220520205500,0,1,0
臺南市,晴,0,20220521191018,0,1,1
臺中市,陰,0,20220521202400,0,1,0
高雄市,晴,0,20220522021300,0,1,0
臺中市,陰,0,20220522024200,1,1,0
桃園市,晴,0,20220522081800,0,1,1
臺北市,陰,0,20220522105400,0,1,1
屏東縣,陰,0,20220522141300,0,1,0
宜蘭縣,陰,0,20220522215207,1,1,0
彰化縣,晴,0,20220523012300,0,1,0
臺南市,晴,0,20220523060500,0,1,0
臺中市,晴,0,20220523070600,0,1,0
臺中市,晴,0,20220523071500,0,1,2
新北市,晴,0,20220523084200,0,1,1
基隆市,陰,0,20220523123500,0,1,0
桃園市,雨,0,20220524061400,0,1,1
屏東縣,雨,0,20220524185400,0,1,1
宜蘭縣,雨,0,20220524210041,0,1,0
臺南市,晴,0,20220524222557,0,1,0
高雄市,雨,0,20220524230600,0,1,0
新北市,雨,0,20220524234900,0,1,1
新北市,雨,0,20220525115400,0,1,2
高雄市,晴,0,20220526060200,0,1,0
雲林縣,晴,0,20220526084537,0,1,0
新竹縣,陰,0,20220526102700,0,1,2
雲林縣,晴,0,20220526120800,0,1,0
高雄市,雨,0,20220526155000,0,1,0
苗栗縣,雨,0,20220526164515,1,1,2
屏東縣,雨,0,20220526171400,0,1,0
臺南市,晴,0,20220526171940,0,1,0
新北市,雨,0,20220526213100,0,1,0
雲林縣,雨,0,20220527081100,0,1,0
雲林縣,雨,0,20220527105700,0,1,0
花蓮縣,陰,0,20220527152644,0,1,0
高雄市,晴,0,20220527170100,0,1,0
彰化縣,雨,0,20220527170300,0,1,0
桃園市,雨,0,20220527191800,0,1,1
雲林縣,雨,0,20220528034000,0,1,0
臺東縣,晴,0,20220528062102,0,1,0
臺南市,晴,0,20220528084600,0,1,0
彰化縣,晴,0,20220528091000,0,1,1
屏東縣,晴,0,20220528125720,0,1,0
臺中市,晴,0,20220528171800,1,1,1
臺南市,晴,0,20220528201600,0,1,0
新北市,晴,0,20220528221000,0,1,1
宜蘭縣,晴,0,20220528223022,0,1,0
嘉義縣,晴,0,20220529084600,0,1,0
臺南市,晴,0,20220530115408,0,1,0
宜蘭縣,晴,0,20220530162203,0,1,0
新北市,雨,0,20220531020600,0,1,0
臺中市,晴,0,20220531094200,0,1,0
臺北市,雨,0,20220531102500,0,1,0
高雄市,晴,0,20220531164700,0,1,0
嘉義縣,晴,0,20220531173914,0,1,1
花蓮縣,陰,0,20220531175250,0,1,0
彰化縣,晴,0,20220531190700,0,1,0
桃園市,雨,1,20220601005300,0,1,0
臺北市,晴,0,20220601013200,0,1,0
臺中市,晴,0,20220601080300,0,1,0
新北市,晴,0,20220601082600,0,2,0
彰化縣,晴,0,20220601122600,0,1,1
屏東縣,晴,0,20220601163700,0,1,0
臺東縣,晴,0,20220602115200,0,1,1
桃園市,晴,0,20220602143900,0,1,0
新北市,晴,0,20220602145500,0,1,1
桃園市,晴,0,20220602205700,0,1,0
屏東縣,晴,0,20220603014500,0,1,2
臺中市,晴,0,20220603031000,1,1,0
新竹市,晴,0,20220603090200,0,1,0
新北市,晴,0,20220603105200,0,1,0
高雄市,晴,0,20220603131900,0,1,1
新竹縣,陰,0,20220604033822,1,2,2
宜蘭縣,晴,0,20220604053707,0,1,0
臺北市,晴,0,20220604181000,0,1,0
雲林縣,晴,0,20220604183500,0,1,0
彰化縣,晴,0,20220604201700,0,1,2
屏東縣,晴,0,20220605020000,0,1,0
宜蘭縣,晴,0,20220605154508,0,1,0
屏東縣,晴,0,20220605185300,0,1,0
高雄市,晴,0,20220606071100,0,1,1
花蓮縣,晴,0,20220606110400,0,1,0
雲林縣,晴,0,20220606111037,0,1,0
宜蘭縣,晴,0,20220606133700,0,1,0
桃園市,雨,0,20220606171200,0,1,0
臺中市,晴,0,20220606191300,0,1,0
嘉義縣,陰,0,20220606204800,0,1,0
臺南市,陰,0,20220606220000,0,1,0
臺南市,陰,0,20220606222400,0,1,0
彰化縣,陰,0,20220607021100,0,1,1
苗栗縣,雨,0,20220607071808,0,1,0
臺北市,陰,0,20220607074500,0,1,1
花蓮縣,晴,0,20220607095400,1,1,0
宜蘭縣,雨,0,20220607173000,0,1,0
彰化縣,雨,0,20220608073500,0,1,1
臺東縣,晴,0,20220608103000,0,1,1
臺南市,晴,0,20220608170900,0,1,0
南投縣,陰,0,20220609035200,1,1,3
新竹市,陰,0,20220609161700,0,1,1
桃園市,陰,0,20220609171600,0,1,0
臺南市,晴,0,20220610095500,0,1,0
南投縣,晴,0,20220610164400,0,1,0
新竹縣,晴,0,20220610180700,0,1,0
桃園市,陰,0,20220610181100,0,1,0
彰化縣,晴,0,20220611054900,0,1,0
高雄市,晴,0,20220611165500,0,1,0
彰化縣,雨,0,20220611234500,0,1,0
彰化縣,雨,0,20220612021000,0,1,0
彰化縣,晴,0,20220612183100,0,1,0
宜蘭縣,晴,0,20220613021400,0,1,0
臺南市,晴,0,20220613123700,0,1,0
宜蘭縣,晴,0,20220613153406,0,1,1
屏東縣,晴,0,20220614115500,0,1,1
新北市,晴,0,20220614121600,0,1,1
屏東縣,晴,0,20220614172600,0,1,1
花蓮縣,陰,0,20220614190112,0,1,0
高雄市,晴,0,20220615020000,0,1,1
新竹市,雨,0,20220615063600,0,1,0
苗栗縣,晴,0,20220615065200,0,1,0
桃園市,雨,0,20220615094600,0,1,0
基隆市,雨,0,20220615114500,0,1,1
雲林縣,晴,0,20220615150900,0,1,0
臺南市,晴,0,20220615174800,0,1,1
高雄市,晴,0,20220615183000,0,1,0
花蓮縣,晴,0,20220616010730,1,1,0
彰化縣,陰,0,20220616062900,0,1,0
新北市,晴,0,20220616065000,0,1,0
臺中市,陰,0,20220616074000,0,1,0
桃園市,雨,0,20220616074600,0,1,0
臺南市,晴,0,20220616080300,0,1,0
臺南市,晴,0,20220616144900,0,1,0
臺南市,晴,0,20220616155548,0,1,0
彰化縣,晴,0,20220616193400,1,1,0
新北市,晴,0,20220616211500,0,1,0
苗栗縣,晴,0,20220617031600,0,1,0
彰化縣,晴,0,20220617072500,0,1,1
桃園市,晴,0,20220617105500,0,1,0
臺中市,晴,0,20220617191554,0,1,2
彰化縣,晴,0,20220618000200,0,1,0
雲林縣,晴,0,20220618112200,0,1,0
彰化縣,晴,0,20220618121500,0,1,0
新北市,陰,0,20220618181400,0,1,1
基隆市,晴,0,20220618190000,1,1,0
臺中市,晴,0,20220619093900,0,1,1
高雄市,晴,0,20220619100800,0,1,0
桃園市,晴,0,20220619104400,0,1,1
苗栗縣,晴,0,20220619120525,0,1,0
雲林縣,晴,0,20220619232500,0,1,0
嘉義縣,晴,0,20220620035000,0,1,0
花蓮縣,晴,0,20220620073903,0,1,0
臺南市,晴,0,20220620074700,0,1,0
新竹市,晴,0,20220620080600,0,1,0
高雄市,晴,0,20220620082900,0,1,0
新竹縣,晴,0,20220620203000,0,2,0
新北市,晴,0,20220621015200,1,1,2
雲林縣,晴,0,20220621031014,0,1,0
屏東縣,晴,0,20220621063000,0,1,0
屏東縣,晴,0,20220621074800,0,1,0
高雄市,晴,0,20220621081900,0,1,0
彰化縣,晴,0,20220621122200,0,1,1
雲林縣,晴,0,20220622080912,0,1,0
彰化縣,晴,0,20220622164200,0,1,0
新北市,晴,0,20220623063800,0,1,2
高雄市,晴,0,20220623083500,0,1,0
桃園市,晴,0,20220623110330,0,1,0
高雄市,晴,0,20220623114000,0,1,2
屏東縣,晴,0,20220623134300,0,1,0
苗栗縣,晴,0,20220623162930,0,1,0
彰化縣,晴,0,20220623193000,0,1,1
桃園市,晴,0,20220624053000,0,1,0
臺東縣,晴,0,20220624155300,0,1,0
臺南市,晴,0,20220625065426,0,1,0
高雄市,晴,0,20220625073200,0,1,0
新北市,晴,0,20220625075100,0,1,1
苗栗縣,晴,0,20220625113402,0,1,1
屏東縣,晴,0,20220625113600,0,1,1
臺南市,晴,0,20220625193844,0,1,0
嘉義縣,晴,0,20220626053600,0,1,0
彰化縣,晴,0,20220626061400,0,1,0
花蓮縣,晴,0,20220626132000,1,1,1
高雄市,晴,0,20220626145000,0,1,0
新北市,晴,0,20220627061500,0,1,0
新北市,晴,0,20220627065800,0,1,0
臺中市,晴,0,20220627090100,0,1,0
臺南市,晴,0,20220627123255,0,1,0
雲林縣,晴,0,20220627153647,0,1,0
新北市,晴,0,20220627202400,0,1,0
桃園市,晴,0,20220628001300,1,1,0
苗栗縣,晴,0,20220628082800,0,1,0
桃園市,晴,0,20220628085500,0,1,0
臺中市,晴,0,20220628094900,0,1,0
屏東縣,晴,0,20220628100425,0,1,0
彰化縣,晴,0,20220628121700,0,1,0
新竹縣,晴,0,20220628144700,0,1,1
臺中市,晴,0,20220629033300,0,1,0
南投縣,晴,0,20220629083014,0,1,0
高雄市,晴,0,20220629102800,0,1,1
花蓮縣,晴,0,20220629113829,0,1,0
臺東縣,晴,0,20220629130005,0,1,0
臺中市,雨,0,20220629161000,0,1,2
高雄市,晴,0,20220629173500,0,1,0
新北市,晴,0,20220629180900,0,1,2
雲林縣,晴,0,20220630023000,0,1,0
雲林縣,晴,0,20220630071800,0,1,0
臺東縣,雨,0,20220630081300,1,1,0
桃園市,晴,0,20220630102232,0,1,1
桃園市,晴,0,20220630180700,0,1,0
屏東縣,晴,0,20220701043652,0,1,0
高雄市,晴,0,20220701074300,0,1,0
苗栗縣,晴,0,20220701094017,0,2,0
臺南市,晴,0,20220701114000,0,1,0
桃園市,晴,0,20220701122227,0,1,0
苗栗縣,晴,0,20220701154733,0,1,3
苗栗縣,晴,0,20220701211500,0,1,1
臺南市,晴,0,20220701224323,0,1,1
臺北市,晴,0,20220702044100,0,1,2
花蓮縣,晴,0,20220702083800,0,1,0
桃園市,晴,0,20220702084700,0,1,1
宜蘭縣,陰,0,20220702114500,0,1,0
彰化縣,雨,0,20220702223900,0,1,1
高雄市,晴,0,20220703141500,0,1,0
花蓮縣,晴,0,20220703164600,0,1,0
雲林縣,晴,0,20220703213809,0,1,2
高雄市,雨,0,20220704032200,0,1,0
臺中市,晴,1,20220704055300,0,1,0
雲林縣,晴,0,20220704071200,0,1,0
臺中市,晴,0,20220704125400,0,1,0
臺南市,雨,0,20220704192600,0,1,0
雲林縣,晴,0,20220704234500,0,1,0
新北市,晴,0,20220705110400,0,1,0
雲林縣,晴,0,20220705125216,0,1,0
臺中市,陰,0,20220705161100,0,1,0
彰化縣,晴,0,20220705181138,0,1,0
臺中市,陰,0,20220706021000,0,1,0
澎湖縣,雨,0,20220706061800,0,1,0
新竹市,晴,0,20220706062500,1,1,2
彰化縣,晴,0,20220706071400,0,1,0
臺南市,晴,0,20220706110638,0,1,0
雲林縣,晴,0,20220706225236,0,1,0
雲林縣,晴,0,20220707020000,0,1,0
高雄市,晴,0,20220707062100,0,1,0
南投縣,晴,0,20220707080600,0,1,1
高雄市,晴,0,20220707135000,0,1,0
新北市,晴,0,20220707174700,0,1,0
雲林縣,晴,0,20220707204500,0,1,0
屏東縣,晴,0,20220708065100,0,1,0
苗栗縣,晴,0,20220708093832,0,1,0
新北市,晴,0,20220709063000,0,1,0
臺南市,晴,0,20220709161419,0,1,2
花蓮縣,晴,0,20220710072552,0,1,0
彰化縣,晴,0,20220710073500,0,1,0
高雄市,晴,0,20220710090300,0,1,0
臺東縣,晴,0,20220710164300,0,1,0
桃園市,晴,0,20220711054000,0,1,0
雲林縣,晴,0,20220711072928,0,1,0
新北市,晴,0,20220711110400,0,1,0
桃園市,晴,0,20220712052046,0,1,2
嘉義縣,晴,0,20220712074300,0,1,1
臺南市,晴,0,20220712164434,0,1,0
彰化縣,晴,0,20220712212017,0,1,2
臺南市,晴,0,20220712220239,1,1,0
宜蘭縣,晴,0,20220712235400,0,1,0
臺中市,晴,0,20220713075800,0,1,0
雲林縣,晴,0,20220713085000,0,1,1
高雄市,晴,0,20220713161000,0,1,0
屏東縣,陰,0,20220713181100,0,1,0
彰化縣,晴,0,20220713221000,0,1,0
高雄市,晴,0,20220714074700,0,1,0
新北市,晴,0,20220714184500,0,1,0
彰化縣,晴,0,20220714193400,0,1,0
臺中市,晴,0,20220714195400,0,1,0
宜蘭縣,晴,0,20220715073900,0,1,0
彰化縣,陰,0,20220715080200,0,1,0
新北市,晴,0,20220715100300,0,1,0
臺南市,晴,0,20220715125700,0,1,2
臺南市,晴,0,20220715143500,0,1,0
新北市,陰,0,20220715192600,0,1,0
高雄市,晴,0,20220715192600,0,1,3
臺中市,晴,0,20220716090800,0,1,1
宜蘭縣,晴,0,20220716142600,0,1,1
雲林縣,晴,0,20220717025338,0,1,0
新北市,晴,0,20220718001200,0,1,0
臺東縣,晴,0,20220718044700,0,1,1
新北市,晴,0,20220718074000,0,1,0
臺南市,晴,0,20220718080000,0,1,0
新北市,晴,0,20220718090300,0,1,0
新北市,晴,0,20220718125600,0,1,0
苗栗縣,晴,0,20220719074612,0,1,1
彰化縣,晴,0,20220719080400,0,1,0
屏東縣,晴,0,20220719081100,0,1,1
屏東縣,晴,0,20220719155349,0,1,1
臺南市,晴,0,20220719171536,0,1,0
彰化縣,陰,0,20220719212000,0,1,0
宜蘭縣,晴,0,20220719221804,0,1,0
桃園市,晴,0,20220720092600,0,1,1
嘉義市,晴,0,20220720115000,0,1,0
臺中市,晴,0,20220720173600,0,1,0
新竹市,晴,0,20220720213200,1,1,0
高雄市,晴,0,20220721080800,0,1,0
高雄市,晴,0,20220721082800,0,1,0
臺中市,晴,0,20220721084000,0,2,1
屏東縣,晴,0,20220721114500,0,1,0
高雄市,晴,0,20220721161000,0,1,1
新竹縣,晴,0,20220722071700,0,1,0
宜蘭縣,晴,0,20220722152915,0,1,0
高雄市,晴,0,20220723031400,0,1,0
臺中市,晴,0,20220723174000,0,1,1
嘉義縣,晴,0,20220724073650,0,1,0
宜蘭縣,晴,0,20220724100558,0,1,0
臺南市,晴,0,20220724131459,0,1,0
臺南市,晴,0,20220724134302,0,1,0
嘉義縣,晴,0,20220724181211,0,1,1
屏東縣,晴,0,20220725074300,0,2,1
桃園市,晴,0,20220725101200,0,1,2
新竹縣,晴,0,20220725110722,0,1,0
基隆市,晴,0,20220725130000,0,1,0
屏東縣,晴,0,20220726074800,0,1,0
臺中市,晴,0,20220726113100,0,1,0
屏東縣,晴,0,20220727012800,0,1,0
臺中市,晴,0,20220727053800,0,1,0
高雄市,晴,0,20220727182700,0,1,0
屏東縣,陰,0,20220727222400,0,1,0
嘉義縣,晴,0,20220728131224,0,1,0
宜蘭縣,晴,0,20220728183021,0,1,0
桃園市,晴,0,20220728184500,1,1,1
苗栗縣,晴,0,20220728210845,0,1,1
雲林縣,晴,0,20220729110209,0,1,0
屏東縣,晴,0,20220729140200,0,1,1
桃園市,晴,0,20220729200831,0,1,2
新北市,雨,0,20220729234000,0,2,1
彰化縣,晴,0,20220730000300,0,1,0
臺北市,晴,0,20220730102400,0,1,0
彰化縣,晴,0,20220730233400,0,1,0
宜蘭縣,晴,0,20220731074841,0,1,4
苗栗縣,晴,0,20220731083225,0,1,0
彰化縣,晴,0,20220731125400,0,1,0
臺中市,晴,0,20220801011900,0,1,1
宜蘭縣,晴,0,20220801073357,0,1,2
臺南市,晴,0,20220801084800,0,1,0
新北市,晴,0,20220801115000,0,1,1
新北市,晴,0,20220801135100,0,1,0
彰化縣,晴,0,20220801211100,0,1,0
花蓮縣,陰,0,20220802011900,1,1,0
臺中市,晴,0,20220802055500,0,1,0
臺中市,晴,0,20220802065200,0,1,0
臺北市,晴,0,20220802100100,0,1,0
臺中市,晴,0,20220802113100,0,1,0
高雄市,陰,0,20220802115700,0,1,0
高雄市,晴,0,20220802231500,0,1,0
屏東縣,晴,0,20220803071448,0,1,0
新竹縣,晴,0,20220803080700,0,1,1
新竹縣,晴,0,20220803092300,0,1,1
新竹市,晴,0,20220803104300,0,1,0
屏東縣,晴,0,20220803124300,0,1,0
雲林縣,陰,0,20220803132749,0,1,1
新竹市,陰,0,20220804055600,0,1,0
彰化縣,晴,0,20220804061200,0,1,0
臺東縣,晴,0,20220804072800,0,1,0
彰化縣,晴,0,20220804123800,0,1,0
桃園市,晴,0,20220804194300,0,1,1
屏東縣,晴,0,20220805025000,0,1,0
苗栗縣,晴,0,20220805062500,0,1,0
雲林縣,晴,0,20220805074500,0,1,0
新北市,晴,0,20220805081100,0,1,0
臺中市,晴,0,20220805122500,0,1,1
臺南市,晴,0,20220805152100,0,1,0
新北市,晴,0,20220805192000,0,1,0
嘉義縣,晴,0,20220806025252,0,1,1
澎湖縣,晴,0,20220806060900,0,1,0
臺南市,晴,0,20220806092400,0,1,0
新北市,晴,0,20220806141000,0,1,0
嘉義縣,雨,0,20220806153500,0,2,2
嘉義縣,陰,0,20220806155300,0,1,1
高雄市,晴,0,20220806164400,0,1,0
新竹市,晴,0,20220807131300,0,1,0
臺中市,晴,0,20220807134400,0,1,0
臺中市,晴,0,20220807143500,0,1,0
臺中市,晴,0,20220807190200,0,1,0
新竹縣,晴,0,20220808080500,0,1,0
嘉義縣,晴,0,20220808083600,0,1,1
桃園市,晴,0,20220808085323,0,1,1
臺中市,晴,0,20220808104300,1,1,0
高雄市,晴,0,20220808200300,0,1,1
臺南市,晴,0,20220809051100,0,1,0
高雄市,晴,0,20220809085900,0,2,1
臺中市,晴,0,20220809093200,0,1,5
新北市,晴,0,20220809155000,0,1,1
臺北市,晴,0,20220810163400,0,1,0
桃園市,晴,0,20220810170800,0,1,1
苗栗縣,晴,0,20220810200500,0,1,1
桃園市,陰,0,20220810232300,1,1,0
屏東縣,晴,0,20220811051548,0,1,0
桃園市,晴,0,20220811111300,0,1,0
臺中市,晴,0,20220811114800,0,1,0
彰化縣,晴,0,20220811192200,0,1,0
桃園市,晴,0,20220811221000,0,1,1
高雄市,晴,0,20220811223800,0,1,1
桃園市,晴,0,20220812080100,0,1,0
嘉義縣,陰,0,20220812133353,0,1,0
花蓮縣,晴,0,20220812152850,0,1,0
新北市,晴,0,20220813043600,0,1,1
臺北市,晴,0,20220813101700,0,1,1
嘉義縣,晴,0,20220813110552,0,1,0
臺中市,晴,0,20220813183700,0,1,0
新竹市,晴,0,20220813211315,0,1,0
屏東縣,陰,0,20220813221616,0,1,0
臺南市,晴,0,20220814144815,0,1,1
彰化縣,晴,0,20220814183600,0,1,0
嘉義縣,晴,0,20220814185500,1,1,1
雲林縣,晴,0,20220815021300,0,1,0
澎湖縣,晴,0,20220815054000,0,1,0
新北市,晴,0,20220815150000,0,1,0
新竹市,晴,0,20220815183502,0,1,1
臺中市,晴,0,20220816011700,0,1,1
臺南市,晴,0,20220816075500,0,1,0
嘉義縣,晴,0,20220816090358,0,1,1
臺中市,晴,0,20220816103400,0,1,0
高雄市,晴,0,20220816155200,0,1,2
桃園市,晴,0,20220817082000,0,1,1
新竹縣,晴,0,20220817085000,0,1,0
彰化縣,雨,0,20220817192400,0,1,0
新竹縣,陰,0,20220817204006,0,1,0
彰化縣,雨,0,20220817211000,0,1,0
臺南市,晴,0,20220818040038,0,1,2
雲林縣,雨,0,20220818152700,0,2,2
臺東縣,晴,0,20220818165800,0,1,1
臺中市,晴,0,20220819011900,0,1,0
桃園市,雨,0,20220819220200,0,1,1
雲林縣,晴,0,20220820003500,1,1,1
嘉義縣,晴,0,20220820080813,0,1,0
新竹市,晴,0,20220820091800,1,1,0
屏東縣,陰,0,20220820184910,0,1,3
臺中市,晴,0,20220820193000,0,1,1
南投縣,雨,0,20220820202331,0,1,0
臺中市,晴,0,20220820210300,0,1,0
南投縣,晴,0,20220821070553,0,1,0
臺中市,晴,0,20220821073600,0,1,0
基隆市,晴,0,20220821185500,0,1,0
新北市,晴,0,20220821192700,0,1,0
新竹縣,晴,0,20220822133722,0,1,1
新北市,晴,0,20220822140000,0,1,0
臺中市,晴,0,20220822204000,0,1,2
臺中市,晴,0,20220822205700,0,1,2
新北市,晴,0,20220823101700,0,1,1
臺中市,晴,0,20220823123400,0,1,2
臺中市,陰,0,20220823210600,0,1,1
彰化縣,晴,0,20220824070600,0,1,0
臺中市,晴,0,20220824093100,0,1,0
臺北市,晴,0,20220824115100,0,1,0
雲林縣,晴,0,20220824125000,0,1,0
新北市,晴,0,20220824165000,0,1,0
臺中市,雨,0,20220824173500,0,1,0
彰化縣,陰,0,20220824234300,0,1,0
苗栗縣,晴,0,20220825015423,1,1,0
臺北市,晴,0,20220825083000,0,1,2
桃園市,晴,0,20220825154831,0,1,0
宜蘭縣,晴,0,20220825173011,0,1,0
嘉義縣,晴,0,20220825180200,0,1,0
高雄市,晴,0,20220826093400,0,1,0
新北市,晴,0,20220826101800,0,1,0
新北市,晴,0,20220826153100,0,1,0
基隆市,晴,0,20220827061500,0,1,1
嘉義縣,晴,0,20220827071500,0,1,0
屏東縣,晴,0,20220827120000,0,1,0
臺中市,晴,0,20220827153600,0,1,0
屏東縣,雨,0,20220827172600,0,1,1
臺南市,晴,0,20220828104900,0,1,1
花蓮縣,晴,0,20220829095048,0,1,0
新北市,晴,0,20220829184800,0,1,1
宜蘭縣,晴,0,20220829203644,0,1,0
嘉義縣,晴,0,20220830094200,0,1,0
臺中市,晴,0,20220830135000,0,1,0
臺中市,晴,0,20220830231700,0,1,0
新北市,晴,0,20220831084600,0,1,0
新北市,晴,0,20220831100600,0,1,0
雲林縣,晴,0,20220831105800,0,1,0
彰化縣,晴,0,20220831124500,0,1,0
苗栗縣,晴,0,20220831131500,0,1,0
新北市,晴,0,20220831145900,0,1,0
臺南市,晴,0,20220831194125,0,1,0
臺中市,晴,0,20220901074000,0,1,0
屏東縣,晴,0,20220901085000,0,1,0
彰化縣,晴,0,20220901100700,0,1,0
高雄市,晴,0,20220901103900,0,1,0
新竹縣,晴,0,20220901111959,0,1,0
雲林縣,晴,0,20220901133636,0,1,0
彰化縣,晴,0,20220901143700,0,1,0
臺南市,晴,0,20220901174500,0,1,1
臺中市,晴,0,20220901234800,0,1,0
臺北市,雨,0,20220902034400,1,1,1
宜蘭縣,陰,0,20220902051534,0,1,1
新北市,雨,0,20220902123400,0,1,0
新北市,雨,0,20220902190600,0,1,0
苗栗縣,暴雨,0,20220903045539,0,1,0
嘉義縣,雨,0,20220903112000,0,1,0
新北市,雨,0,20220903173800,1,1,0
屏東縣,陰,0,20220903232900,1,1,0
南投縣,雨,0,20220903233000,1,1,0
嘉義縣,陰,0,20220904045700,0,1,2
臺南市,晴,0,20220904123300,0,1,0
嘉義縣,晴,0,20220905002700,0,1,0
雲林縣,晴,0,20220905055854,0,1,1
新北市,晴,0,20220905103200,0,1,0
屏東縣,晴,0,20220905114000,0,1,0
桃園市,晴,0,20220906120416,0,1,0
新北市,晴,0,20220906120600,0,1,1
彰化縣,晴,0,20220907112800,0,1,0
花蓮縣,晴,0,20220907123309,0,1,2
高雄市,晴,0,20220907145500,0,1,0
雲林縣,晴,0,20220907153343,0,1,1
屏東縣,晴,0,20220908054200,0,1,1
桃園市,晴,0,20220908064700,0,1,0
彰化縣,晴,0,20220908103900,0,1,0
桃園市,晴,0,20220908111800,0,1,1
桃園市,晴,0,20220908124300,0,1,0
新北市,晴,0,20220908141500,0,1,0
新北市,晴,0,20220908161800,0,1,0
屏東縣,晴,0,20220908181000,0,1,1
雲林縣,晴,0,20220908195200,0,1,0
宜蘭縣,晴,0,20220908220023,0,1,0
嘉義縣,晴,0,20220909080400,0,1,1
臺中市,晴,0,20220909122900,0,1,1
苗栗縣,晴,0,20220909132009,0,1,2
臺中市,晴,0,20220909132900,0,1,2
嘉義縣,晴,0,20220909194900,1,1,0
新竹縣,晴,0,20220909220000,0,1,0
桃園市,晴,0,20220910155200,0,1,0
桃園市,陰,0,20220910214900,0,1,0
臺中市,晴,0,20220911003700,1,1,0
臺南市,晴,0,20220911100353,0,1,0
臺東縣,晴,0,20220911130400,0,1,0
新竹縣,雨,0,20220911212500,0,1,2
臺南市,晴,0,20220911220519,1,1,0
臺中市,晴,0,20220911231000,0,1,0
雲林縣,晴,0,20220912030333,0,1,0
臺中市,雨,0,20220912062600,0,1,0
臺中市,雨,0,20220912102800,1,1,0
桃園市,雨,0,20220912125200,0,1,0
臺中市,晴,0,20220912144200,0,1,0
臺南市,晴,0,20220912153700,0,1,0
桃園市,雨,0,20220912203406,0,2,1
臺中市,晴,0,20220912231000,0,1,0
臺東縣,晴,0,20220913073500,0,1,5
臺北市,雨,0,20220913085100,0,1,0
屏東縣,強風,0,20220913124330,0,1,0
臺南市,晴,0,20220913170230,0,1,0
苗栗縣,晴,0,20220913180825,0,1,1
雲林縣,晴,0,20220913183246,0,1,1
新竹縣,晴,0,20220914000300,0,1,1
新北市,雨,0,20220914013000,0,1,1
基隆市,陰,0,20220914044400,0,1,0
桃園市,晴,0,20220914064000,0,1,0
臺北市,晴,0,20220914071400,0,1,0
屏東縣,晴,0,20220914072200,0,1,3
彰化縣,晴,0,20220914073800,0,1,0
臺北市,晴,0,20220914080300,0,1,1
澎湖縣,晴,0,20220914154500,0,1,0
嘉義縣,晴,0,20220914194000,0,1,0
臺南市,晴,0,20220915103305,0,1,0
彰化縣,晴,0,20220915130400,0,1,1
雲林縣,晴,0,20220915162000,0,1,0
臺北市,晴,0,20220915185800,0,1,1
桃園市,晴,0,20220915195324,0,1,3
嘉義縣,晴,0,20220915233900,0,1,0
雲林縣,晴,0,20220916042058,0,1,1
嘉義縣,晴,0,20220916081900,0,1,0
嘉義縣,晴,0,20220916093000,0,1,0
臺中市,晴,0,20220916110500,0,1,0
桃園市,晴,0,20220916142000,0,1,0
新北市,晴,0,20220916145300,0,1,0
臺南市,晴,0,20220917001000,0,1,3
臺中市,晴,0,20220917053100,1,1,0
新竹縣,晴,0,20220917061500,0,1,0
桃園市,晴,0,20220917075900,0,1,0
彰化縣,晴,0,20220917111500,0,1,0
臺北市,晴,0,20220917123600,0,1,0
南投縣,陰,0,20220917150645,0,1,0
新北市,晴,0,20220918010700,0,1,1
彰化縣,晴,0,20220918061000,0,1,0
臺南市,晴,0,20220918150900,0,1,0
臺中市,晴,0,20220918180200,0,1,1
雲林縣,晴,0,20220919004000,0,1,0
臺中市,晴,0,20220919130800,0,1,0
苗栗縣,晴,0,20220919173455,0,1,0
臺東縣,晴,0,20220920150500,0,1,0
苗栗縣,晴,0,20220920160951,0,1,1
新北市,晴,0,20220920172000,0,1,1
新竹縣,晴,0,20220920184957,1,1,0
新竹縣,晴,0,20220920191400,0,1,0
新北市,晴,0,20220921071300,0,1,0
高雄市,晴,0,20220921072700,0,1,1
宜蘭縣,晴,0,20220921090000,0,1,0
新北市,晴,0,20220921102800,0,2,0
屏東縣,晴,0,20220921191000,0,1,0
高雄市,晴,0,20220922000200,0,1,1
桃園市,晴,0,20220922070100,0,1,1
桃園市,晴,0,20220922092700,0,1,0
桃園市,晴,0,20220922095500,0,1,0
新竹市,晴,0,20220922131800,0,1,0
花蓮縣,陰,0,20220922142900,0,1,0
彰化縣,晴,0,20220922174000,0,1,0
桃園市,晴,0,20220922182100,0,1,1
臺中市,晴,0,20220922205200,0,1,0
新北市,晴,0,20220923022700,0,1,0
臺南市,晴,0,20220923090400,0,1,1
桃園市,晴,0,20220923132053,0,1,0
桃園市,晴,0,20220923134203,0,1,0
彰化縣,晴,0,20220923174800,1,1,1
南投縣,晴,0,20220923232810,0,1,0
苗栗縣,晴,0,20220924034916,0,1,1
臺中市,晴,0,20220924093700,0,1,0
雲林縣,晴,0,20220924114200,0,1,1
彰化縣,晴,0,20220924140800,0,1,0
新北市,晴,0,20220924162100,0,1,1
高雄市,晴,0,20220924170800,0,1,3
彰化縣,晴,0,20220924200000,0,1,1
新北市,雨,0,20220925062600,0,1,0
南投縣,晴,0,20220925103000,0,1,0
苗栗縣,晴,0,20220925124900,0,1,0
新竹縣,晴,0,20220925140800,0,1,0
花蓮縣,陰,0,20220925142435,0,1,1
嘉義縣,晴,0,20220925165300,0,1,2
桃園市,晴,0,20220925181400,0,1,1
南投縣,晴,0,20220925184248,0,1,1
彰化縣,晴,0,20220925192700,0,1,0
新北市,雨,0,20220926045000,1,1,0
新北市,晴,0,20220926080600,0,1,0
臺北市,陰,0,20220926092200,0,1,1
高雄市,晴,0,20220926093300,0,1,0
桃園市,晴,0,20220926101400,0,1,4
嘉義縣,晴,0,20220926101911,0,1,1
花蓮縣,晴,0,20220926102600,0,1,0
新竹縣,晴,0,20220926144934,0,1,0
花蓮縣,雨,0,20220926224000,1,1,0
彰化縣,晴,0,20220927101900,0,1,0
臺東縣,晴,0,20220927171031,0,1,1
花蓮縣,陰,0,20220927182400,0,1,0
新北市,晴,0,20220927200000,0,1,1
高雄市,晴,0,20220927223000,0,1,2
高雄市,晴,0,20220928022800,1,1,0
雲林縣,晴,0,20220928084900,0,1,0
臺中市,晴,0,20220928152900,0,1,0
新竹縣,晴,0,20220928174200,0,1,0
桃園市,晴,0,20220929022200,0,1,1
臺中市,晴,0,20220929081100,0,1,1
桃園市,晴,0,20220929103900,0,1,1
臺東縣,晴,0,20220929111500,0,1,0
新北市,晴,0,20220929113100,0,1,0
彰化縣,晴,0,20220929171600,0,1,2
臺中市,晴,0,20220929184900,0,1,0
屏東縣,晴,0,20220929212700,1,1,2
嘉義縣,晴,0,20220929215400,0,1,0
苗栗縣,晴,0,20220930013437,1,1,0
彰化縣,晴,0,20220930023000,0,1,0
臺中市,晴,0,20220930024057,0,1,0
雲林縣,晴,0,20220930064000,0,1,0
新北市,晴,0,20220930095800,0,1,0
臺中市,晴,0,20220930110300,0,1,0
南投縣,晴,0,20220930124845,1,1,0
臺中市,晴,0,20220930140800,0,1,1
嘉義縣,晴,0,20220930152445,0,1,0
臺北市,陰,0,20220930181000,0,1,0
雲林縣,晴,0,20220930194251,0,1,0
臺南市,晴,0,20221001011200,0,1,0
彰化縣,晴,0,20221001043800,1,1,0
宜蘭縣,晴,0,20221001080101,1,1,0
臺中市,晴,0,20221001101700,0,1,0
臺北市,晴,0,20221001130800,0,1,0
臺中市,晴,0,20221001141000,0,1,0
桃園市,晴,0,20221001172213,0,1,4
新竹縣,晴,0,20221001181000,1,1,1
桃園市,晴,0,20221002034622,0,1,0
新北市,晴,0,20221002072600,0,1,0
苗栗縣,晴,0,20221002080043,0,1,0
桃園市,晴,0,20221002084900,0,1,0
新竹縣,晴,0,20221003081726,0,1,1
雲林縣,晴,0,20221003094800,0,1,0
臺北市,晴,0,20221003161800,0,1,1
彰化縣,晴,0,20221003175300,0,1,0
基隆市,晴,0,20221003193300,0,1,0
臺南市,晴,0,20221003200500,0,1,0
臺北市,晴,0,20221004104100,0,1,0
雲林縣,晴,0,20221004110500,0,1,0
高雄市,晴,0,20221005140800,0,1,0
新北市,晴,0,20221005170500,0,1,0
桃園市,晴,0,20221005182500,0,1,0
苗栗縣,晴,0,20221005231000,1,1,1
桃園市,雨,0,20221005231700,0,1,0
高雄市,晴,0,20221006030000,0,1,1
新竹縣,晴,0,20221006135400,0,1,1
高雄市,晴,0,20221006185000,0,1,0
臺北市,雨,0,20221006201800,0,1,0
苗栗縣,晴,0,20221007021209,1,1,0
新北市,雨,0,20221007075500,0,1,1
臺南市,晴,0,20221007135700,0,1,0
屏東縣,晴,0,20221007194700,0,1,0
高雄市,晴,0,20221008063000,0,1,1
高雄市,陰,0,20221008130800,0,1,0
高雄市,陰,0,20221008143300,0,1,1
苗栗縣,晴,0,20221008152400,0,1,1
臺南市,晴,0,20221008161934,0,1,0
高雄市,雨,0,20221009025000,0,1,0
苗栗縣,晴,0,20221009080700,0,1,0
南投縣,晴,0,20221009133400,0,1,1
臺中市,晴,0,20221009162700,0,1,2
高雄市,晴,0,20221009171200,0,1,1
雲林縣,晴,0,20221009222100,0,1,0
苗栗縣,晴,0,20221010013505,0,1,0
高雄市,晴,0,20221010015600,0,1,0
南投縣,晴,0,20221010084701,0,1,0
雲林縣,晴,0,20221010122543,0,1,0
彰化縣,晴,0,20221010180700,0,1,1
高雄市,晴,0,20221011081100,0,1,1
高雄市,陰,0,20221011160200,0,2,2
屏東縣,晴,0,20221012020532,1,1,1
臺東縣,晴,0,20221012051800,0,1,1
新北市,雨,0,20221012084700,0,1,0
臺中市,晴,0,20221012153200,0,1,0
臺東縣,陰,0,20221012181915,0,1,0
桃園市,晴,0,20221012185800,0,1,1
新北市,晴,0,20221012192300,0,1,1
雲林縣,晴,0,20221013054400,0,1,0
臺北市,陰,0,20221013055200,0,1,0
新竹市,晴,0,20221013064300,0,1,0
彰化縣,晴,0,20221013074600,0,1,1
雲林縣,晴,0,20221013180000,0,1,0
南投縣,晴,0,20221013185900,0,1,2
彰化縣,晴,0,20221013221400,0,1,1
臺南市,晴,0,20221014070800,0,1,1
嘉義縣,晴,0,20221014110300,0,1,0
高雄市,晴,0,20221014122000,0,1,2
新北市,雨,0,20221014152000,0,1,0
桃園市,雨,0,20221014230600,0,1,0
花蓮縣,陰,0,20221014235800,1,1,0
南投縣,晴,0,20221015235339,1,1,1
高雄市,雨,0,20221016062300,0,1,1
彰化縣,晴,0,20221017051500,0,1,0
嘉義縣,晴,0,20221017073600,0,1,0
南投縣,陰,0,20221017095000,0,1,0
屏東縣,陰,0,20221017140900,0,1,1
雲林縣,晴,0,20221017192300,0,1,2
嘉義市,晴,0,20221018065300,0,1,0
屏東縣,晴,0,20221018080010,0,1,0
新北市,雨,0,20221018175200,0,1,1
苗栗縣,晴,0,20221018232110,0,1,0
高雄市,晴,0,20221019143900,0,1,1
高雄市,晴,0,20221019163300,0,1,0
臺中市,晴,0,20221019163600,0,1,2
桃園市,陰,0,20221019225317,0,1,1
宜蘭縣,雨,0,20221020102234,0,1,0
桃園市,晴,0,20221020220500,0,1,2
雲林縣,晴,0,20221020222152,0,1,0
新竹縣,晴,0,20221020232633,1,1,1
臺南市,晴,0,20221021060753,0,1,1
臺中市,晴,0,20221021103500,0,1,1
高雄市,晴,0,20221021104200,0,1,0
臺中市,晴,0,20221021131600,0,1,0
臺中市,晴,0,20221021165500,0,1,3
新北市,晴,0,20221022001400,0,1,1
新北市,雨,0,20221022054200,0,1,0
彰化縣,晴,0,20221022080800,0,1,0
臺南市,晴,0,20221022102029,0,1,0
桃園市,晴,0,20221022103935,0,1,1
新北市,陰,0,20221022112800,0,1,0
新竹縣,陰,0,20221022220718,0,1,0
臺北市,陰,0,20221023003500,0,1,2
高雄市,晴,0,20221023080000,0,1,0
高雄市,晴,0,20221023082500,0,1,1
屏東縣,陰,0,20221023190800,0,1,1
嘉義縣,晴,0,20221023195000,0,1,0
高雄市,晴,0,20221023200000,0,1,1
桃園市,晴,0,20221024000041,0,1,0
桃園市,晴,0,20221024085500,0,1,0
新北市,晴,0,20221024151900,0,1,0
新竹縣,晴,0,20221024202800,0,1,0
臺東縣,晴,0,20221025063400,1,1,0
新北市,晴,0,20221025073900,0,2,0
新竹縣,晴,0,20221025091121,0,1,0
臺東縣,晴,0,20221025103900,0,1,0
臺北市,晴,0,20221025170600,0,1,0
嘉義縣,晴,0,20221025183500,0,1,2
新北市,晴,0,20221025200700,0,1,1
臺南市,晴,0,20221026035701,0,1,0
新竹縣,晴,0,20221026063000,0,1,1
高雄市,晴,0,20221026100700,0,1,0
彰化縣,晴,0,20221026112500,0,1,2
嘉義縣,晴,0,20221026113147,0,1,0
高雄市,晴,0,20221026160100,0,1,2
臺中市,晴,0,20221026171200,0,1,0
新竹市,晴,0,20221027074900,0,1,1
新北市,晴,0,20221027090600,0,1,0
苗栗縣,晴,0,20221027175211,0,1,1
桃園市,晴,0,20221028013000,0,1,3
臺北市,晴,0,20221028015800,0,1,1
高雄市,晴,0,20221028074200,0,1,1
臺南市,晴,0,20221028121800,0,1,0
雲林縣,晴,0,20221028143159,0,1,0
臺北市,雨,0,20221028221800,0,1,0
臺中市,晴,0,20221029041200,1,1,0
臺南市,晴,0,20221029092500,0,1,0
彰化縣,晴,0,20221029210700,0,1,0
臺北市,雨,0,20221030172100,0,1,0
新北市,雨,0,20221031003800,0,1,3
臺中市,晴,0,20221031083800,0,1,0
花蓮縣,雨,0,20221031121037,1,1,0
澎湖縣,雨,0,20221031140300,1,1,0
臺南市,雨,0,20221031154800,0,1,0
臺南市,雨,0,20221031173500,0,1,1
雲林縣,雨,0,20221031175400,0,1,0
臺南市,雨,0,20221031175700,0,1,2
臺北市,雨,0,20221101055200,0,1,0
高雄市,晴,0,20221101064800,0,1,0
臺中市,晴,0,20221101083400,0,1,1
臺南市,晴,0,20221101101713,0,1,2
新北市,雨,0,20221101123100,0,1,0
高雄市,晴,0,20221101153300,0,1,0
臺中市,晴,0,20221101172000,0,1,0
臺南市,晴,0,20221101173228,0,1,1
臺北市,雨,0,20221101210200,1,1,0
屏東縣,晴,0,20221102112500,1,1,0
澎湖縣,陰,0,20221102174000,0,1,0
嘉義縣,陰,0,20221102174349,0,1,0
臺中市,晴,0,20221103125000,0,1,0
屏東縣,晴,0,20221103171539,1,1,1
桃園市,晴,0,20221103175800,0,1,0
澎湖縣,晴,0,20221103224000,1,1,2
宜蘭縣,雨,0,20221104073858,0,1,0
桃園市,雨,0,20221104094959,0,1,0
雲林縣,晴,0,20221104104500,0,1,0
高雄市,晴,0,20221105071500,0,1,0
臺北市,晴,0,20221105090200,0,1,0
臺東縣,晴,0,20221105181000,0,1,0
屏東縣,晴,0,20221105195000,0,1,0
新竹縣,晴,0,20221106015000,0,1,2
臺中市,晴,0,20221106083600,0,1,0
臺東縣,陰,0,20221106191400,1,1,1
桃園市,晴,0,20221106222500,0,1,0
高雄市,晴,0,20221107073800,0,1,0
彰化縣,晴,0,20221107105400,0,1,0
新竹縣,雨,0,20221107123320,0,1,1
桃園市,晴,0,20221107142000,0,1,0
桃園市,晴,0,20221108083100,0,1,1
臺南市,晴,0,20221108090300,0,1,1
臺中市,雨,0,20221108091100,0,1,0
宜蘭縣,雨,0,20221108092500,0,1,0
桃園市,晴,0,20221108115500,0,1,0
屏東縣,晴,0,20221108174557,0,1,1
臺南市,晴,0,20221108183000,0,1,0
桃園市,晴,0,20221108190200,0,1,0
花蓮縣,陰,0,20221109020209,0,1,1
彰化縣,晴,0,20221109075300,0,1,1
桃園市,晴,0,20221109121400,0,2,1
臺南市,晴,0,20221109153102,0,1,0
臺東縣,晴,0,20221109184400,0,1,0
新北市,晴,0,20221110082500,0,1,0
彰化縣,晴,0,20221110094200,0,1,1
雲林縣,晴,0,20221111095900,0,1,0
臺中市,晴,0,20221111132300,0,1,0
高雄市,晴,0,20221111140700,0,1,0
高雄市,晴,0,20221111174700,0,1,1
南投縣,陰,0,20221111203000,0,1,0
苗栗縣,晴,0,20221111231000,0,1,1
彰化縣,晴,0,20221112010100,0,1,1
桃園市,晴,0,20221112015500,0,1,0
宜蘭縣,晴,0,20221112093938,0,1,1
臺南市,晴,0,20221112101449,0,1,3
桃園市,晴,0,20221112134400,1,1,0
宜蘭縣,晴,0,20221112194517,0,1,0
新竹縣,晴,0,20221113150100,0,1,1
臺南市,晴,0,20221113225700,0,1,0
宜蘭縣,雨,0,20221113234548,1,1,0
新北市,晴,0,20221114023500,1,1,1
臺北市,晴,0,20221114042700,1,1,1
桃園市,晴,0,20221114051100,0,1,1
雲林縣,陰,0,20221114082600,0,1,1
新北市,晴,0,20221114141400,0,1,0
臺北市,晴,0,20221115075700,0,1,0
桃園市,晴,0,20221115084200,0,1,0
屏東縣,晴,0,20221115115800,0,1,0
臺南市,晴,0,20221115151958,0,1,0
屏東縣,晴,0,20221115152100,0,1,0
臺中市,晴,0,20221116002000,0,2,0
雲林縣,晴,0,20221116005803,0,1,0
桃園市,陰,0,20221116060500,0,1,0
宜蘭縣,雨,0,20221116074308,0,1,0
彰化縣,晴,0,20221116075000,0,1,0
新竹縣,陰,0,20221116143727,0,1,2
雲林縣,晴,0,20221116144700,0,1,0
宜蘭縣,雨,0,20221116171336,0,1,0
屏東縣,晴,0,20221117051900,0,1,1
彰化縣,晴,0,20221117070800,0,1,0
臺南市,晴,0,20221117145829,0,1,0
南投縣,晴,0,20221117153109,0,1,1
臺中市,晴,0,20221117160200,0,1,0
雲林縣,晴,0,20221117163400,0,1,0
新北市,晴,0,20221117192000,0,1,0
新竹縣,晴,0,20221118064822,0,1,0
臺南市,晴,0,20221118174500,0,1,0
高雄市,晴,0,20221118185100,1,1,0
臺中市,晴,0,20221118235800,0,1,1
彰化縣,晴,0,20221120014700,0,1,0
新北市,晴,0,20221120072800,0,1,1
臺東縣,晴,0,20221121072500,0,1,2
臺南市,晴,0,20221121074046,0,1,1
新竹縣,晴,0,20221121074300,0,1,1
彰化縣,晴,0,20221121081200,0,1,0
新北市,晴,0,20221121151300,0,1,1
臺南市,晴,0,20221121212504,0,1,0
臺中市,晴,0,20221121222200,0,1,3
新北市,晴,0,20221121230000,0,1,1
桃園市,陰,0,20221122023123,1,1,1
臺南市,晴,0,20221122051021,0,1,0
新北市,晴,0,20221122054500,0,1,0
臺中市,晴,0,20221122092800,0,1,0
臺中市,晴,0,20221122154500,0,1,0
彰化縣,晴,0,20221122230100,0,1,0
臺中市,晴,0,20221123011400,0,1,0
雲林縣,陰,0,20221123092801,0,2,0
臺南市,晴,0,20221123111200,0,1,0
雲林縣,晴,0,20221123150158,0,1,1
臺中市,晴,0,20221123170700,0,1,0
臺中市,陰,0,20221123201700,0,1,0
新北市,雨,0,20221124031500,0,1,0
高雄市,陰,0,20221124151400,0,1,1
臺南市,晴,0,20221124160600,0,1,0
臺中市,晴,0,20221125120200,0,1,0
基隆市,雨,0,20221125170500,0,1,0
嘉義市,晴,0,20221125214400,0,1,0
屏東縣,陰,0,20221125220601,0,1,1
臺南市,晴,0,20221126054827,0,1,0
屏東縣,晴,0,20221126071200,0,1,7
臺南市,晴,0,20221126112320,0,1,0
桃園市,陰,0,20221126153624,0,1,0
彰化縣,晴,0,20221126194600,0,1,0
彰化縣,晴,0,20221126231900,0,1,1
高雄市,晴,0,20221127014700,0,1,2
臺北市,晴,0,20221127032500,0,1,1
臺北市,晴,0,20221127061000,0,1,0
桃園市,晴,0,20221127155200,0,1,0
雲林縣,晴,0,20221127200100,0,1,0
臺南市,晴,0,20221128065337,0,1,0
雲林縣,晴,0,20221128084446,0,1,0
臺南市,晴,0,20221128120200,0,1,1
臺南市,晴,0,20221128143715,0,1,3
南投縣,晴,0,20221128173514,0,1,1
臺南市,晴,0,20221128175200,0,1,1
花蓮縣,晴,0,20221129083500,0,1,1
新北市,晴,0,20221129143000,0,1,0
新北市,晴,0,20221129151800,0,1,0
臺南市,晴,0,20221129203602,0,1,0
臺中市,晴,0,20221129210000,0,1,0
臺南市,晴,0,20221130062800,0,1,0
彰化縣,晴,0,20221130071400,0,1,3
雲林縣,晴,0,20221130075956,0,1,0
臺南市,晴,0,20221130084500,0,1,0
高雄市,晴,0,20221130165900,0,1,0
彰化縣,晴,0,20221130173800,0,1,2
南投縣,晴,0,20221201172000,0,1,0
桃園市,雨,0,20221202055050,0,1,0
屏東縣,晴,0,20221202134600,0,1,0
高雄市,晴,0,20221202161000,0,1,1
屏東縣,晴,0,20221202173500,0,1,0
桃園市,晴,0,20221202174548,0,1,0
屏東縣,陰,0,20221202223000,1,1,0
苗栗縣,晴,0,20221202231445,1,1,0
屏東縣,晴,0,20221203095800,0,1,1
臺北市,陰,0,20221203103700,0,1,0
臺南市,晴,0,20221203110500,0,1,0
新北市,晴,0,20221203203100,0,1,3
嘉義縣,晴,0,20221204013700,0,1,1
南投縣,晴,0,20221204062927,0,1,0
新北市,雨,0,20221204083300,0,1,1
基隆市,雨,0,20221204155800,0,1,0
高雄市,晴,0,20221204195000,0,1,1
彰化縣,晴,0,20221205115000,0,1,3
雲林縣,晴,0,20221205132501,0,1,0
臺南市,晴,0,20221205145943,0,1,0
屏東縣,晴,0,20221205194500,0,1,0
臺南市,晴,0,20221206083806,0,1,0
嘉義縣,晴,0,20221206134500,0,1,1
桃園市,陰,0,20221206154344,0,1,0
臺北市,陰,0,20221206184000,0,1,1
臺中市,晴,0,20221206213000,0,1,0
臺中市,晴,1,20221206224200,0,1,0
臺中市,晴,0,20221207040300,0,1,0
嘉義縣,晴,0,20221207081000,0,1,0
新竹縣,晴,0,20221207193000,1,1,0
臺中市,晴,0,20221207224900,1,1,0
宜蘭縣,晴,0,20221208100516,0,1,0
臺南市,晴,0,20221208101533,0,1,0
新北市,晴,0,20221208170300,0,1,1
新竹市,晴,0,20221208181000,0,1,2
高雄市,晴,0,20221208184400,0,1,4
屏東縣,晴,0,20221208190000,0,1,0
桃園市,雨,0,20221208191100,1,1,1
宜蘭縣,雨,0,20221208210700,0,1,1
桃園市,雨,0,20221209044700,0,1,0
高雄市,晴,0,20221209075800,0,1,0
雲林縣,晴,0,20221209124413,0,1,0
臺南市,晴,0,20221209125534,0,1,2
宜蘭縣,雨,0,20221209211000,0,1,1
桃園市,雨,0,20221210061058,0,1,0
臺南市,晴,0,20221210081919,0,1,0
屏東縣,晴,0,20221210110617,0,1,0
彰化縣,晴,0,20221210112800,0,1,0
宜蘭縣,暴雨,0,20221210135310,0,1,0
桃園市,雨,0,20221210135747,1,1,0
苗栗縣,陰,0,20221210160940,0,1,0
嘉義縣,陰,0,20221210234855,0,1,0
臺中市,晴,0,20221211043800,0,1,0
屏東縣,晴,0,20221211052344,0,1,1
桃園市,雨,0,20221211061941,0,1,0
臺中市,晴,0,20221211083900,0,1,0
屏東縣,晴,0,20221211095300,0,1,1
桃園市,晴,0,20221211105631,0,1,2
臺南市,晴,0,20221211150200,0,1,0
宜蘭縣,雨,0,20221212001919,0,1,0
臺中市,晴,0,20221212133400,0,1,0
新北市,雨,0,20221212160500,0,1,0
桃園市,陰,0,20221212164128,0,1,1
苗栗縣,晴,1,20221212195700,0,1,0
臺南市,晴,0,20221213174200,0,1,0
臺東縣,晴,0,20221213200500,0,1,0
雲林縣,晴,0,20221213202800,0,1,0
臺南市,晴,0,20221214022000,0,1,0
彰化縣,晴,0,20221214060700,0,1,0
雲林縣,陰,0,20221214081400,0,1,0
桃園市,雨,0,20221215085457,0,1,0
高雄市,晴,0,20221215100024,0,1,1
苗栗縣,雨,0,20221215100314,0,1,0
新竹市,雨,0,20221215134000,0,1,0
臺東縣,晴,0,20221215154500,0,1,1
彰化縣,晴,0,20221215160000,0,1,1
屏東縣,晴,0,20221215163835,0,1,0
花蓮縣,陰,0,20221215172838,0,1,0
桃園市,陰,0,20221215183600,0,1,0
臺北市,雨,0,20221215213500,0,1,1
臺南市,晴,0,20221216171953,0,1,0
新北市,雨,0,20221216192000,0,1,0
嘉義市,雨,0,20221217052200,0,2,1
嘉義縣,陰,0,20221217133747,0,1,0
新北市,雨,0,20221217202600,0,1,0
彰化縣,晴,0,20221218035600,0,1,0
雲林縣,晴,0,20221218181939,0,1,0
苗栗縣,晴,0,20221218202800,0,1,0
新北市,晴,0,20221219101900,0,1,0
臺中市,晴,0,20221219103200,0,1,1
新北市,晴,0,20221219112300,1,1,0
嘉義市,晴,0,20221219154300,1,1,0
高雄市,晴,0,20221219181100,0,1,1
彰化縣,晴,0,20221219182500,0,1,0
臺東縣,晴,0,20221219225500,0,1,0
桃園市,晴,0,20221220023700,0,1,0
新北市,晴,0,20221220082000,0,1,0
桃園市,晴,0,20221220103850,0,1,1
嘉義市,晴,0,20221220105400,0,1,0
屏東縣,晴,0,20221220141200,0,1,0
臺南市,晴,0,20221220173200,0,1,0
臺南市,晴,0,20221220173600,0,1,0
高雄市,晴,0,20221220234500,1,1,0
屏東縣,晴,0,20221221075300,0,1,0
新北市,陰,0,20221221130600,0,1,0
臺中市,晴,0,20221221155900,0,1,0
苗栗縣,晴,0,20221222113823,1,1,0
臺南市,晴,0,20221222115213,0,1,0
屏東縣,晴,0,20221222125400,0,1,0
桃園市,晴,0,20221222151800,0,1,1
南投縣,陰,0,20221222195000,1,1,0
臺南市,晴,0,20221223045100,0,1,0
苗栗縣,晴,0,20221223094000,0,1,0
苗栗縣,晴,0,20221223104221,0,1,0
宜蘭縣,陰,0,20221223112100,0,1,0
桃園市,晴,0,20221223131000,0,1,0
雲林縣,晴,0,20221223193300,0,1,0
花蓮縣,陰,0,20221224034813,0,1,0
臺中市,晴,0,20221224054900,0,1,1
臺南市,晴,0,20221224094909,0,1,0
桃園市,晴,0,20221224124006,0,1,0
雲林縣,晴,0,20221224133850,0,1,0
新北市,晴,0,20221224154600,1,1,0
苗栗縣,晴,0,20221225180200,0,1,1
臺南市,晴,0,20221225213300,0,1,0
嘉義縣,晴,0,20221226065500,0,1,0
高雄市,晴,0,20221226110000,0,1,0
新北市,晴,0,20221226143000,0,1,0
臺南市,晴,0,20221226160649,0,1,0
臺中市,晴,0,20221227022200,0,1,1
臺中市,晴,0,20221227053000,0,1,0
臺南市,晴,0,20221227071054,0,1,0
臺中市,晴,0,20221227072800,0,1,0
新竹市,晴,0,20221227102805,0,1,0
桃園市,晴,0,20221227104531,0,1,0
嘉義市,晴,0,20221227132800,0,1,5
臺中市,晴,0,20221227153800,0,1,3
桃園市,晴,0,20221227161948,0,1,0
苗栗縣,晴,0,20221227214721,0,1,1
臺中市,晴,0,20221227231500,0,2,1
南投縣,晴,0,20221228063054,0,1,0
雲林縣,晴,0,20221228064924,0,1,0
雲林縣,晴,0,20221228123000,0,1,1
苗栗縣,晴,0,20221228133000,0,1,1
臺北市,陰,0,20221228173200,0,1,0
高雄市,晴,0,20221229002000,0,1,0
嘉義縣,陰,0,20221229034024,0,1,1
雲林縣,陰,0,20221229154900,0,1,0
南投縣,晴,0,20221229172700,0,1,1
臺北市,雨,0,20221229191400,0,1,0
臺南市,晴,0,20221230210500,0,1,0
高雄市,晴,0,20221230221300,0,1,0
臺中市,晴,0,20221231043700,0,1,0
臺南市,晴,0,20221231060000,0,1,0
基隆市,雨,0,20221231060000,0,1,2
宜蘭縣,雨,0,20221231060953,1,1,0
新竹市,晴,0,20221231091958,0,1,0
高雄市,陰,0,20221231153000,0,1,1
基隆市,雨,0,20221231182000,0,1,1
